FECHA,MERVAL,UVA,BADLAR,MPFONDO,MEP
30/12/2025,"3.051.617,00","1.706,43","26,69","22.150,23","1.480,74"
29/12/2025,"3.100.075,00","1.702,36","26,06","22.136,47","1.484,35"
26/12/2025,"3.112.380,00","1.699,65","26,88","22.096,75","1.486,11"
24/12/2025,"3.121.145,00","1.698,30",#N/A,#N/A,"1.481,63"
23/12/2025,"3.114.970,00","1.696,95","28,63","22.060,18","1.479,44"
22/12/2025,"3.136.090,00","1.692,90","26,88","22.048,90","1.493,06"
19/12/2025,"3.139.467,00","1.691,55","27,00","22.015,72","1.494,62"
18/12/2025,"3.163.224,00","1.690,20","26,19","22.004,87","1.498,58"
17/12/2025,"3.035.517,00","1.688,86","25,81","21.993,71","1.514,14"
16/12/2025,"3.034.429,00","1.687,51","25,75","21.982,35","1.504,30"
15/12/2025,"3.012.681,00","1.683,68","25,25","21.971,14","1.492,01"
12/12/2025,"2.979.065,00","1.682,40","24,94","21.937,51","1.478,73"
11/12/2025,"2.980.581,00","1.681,13","25,75","21.926,38","1.476,11"
10/12/2025,"3.013.647,00","1.679,85","25,50","21.914,70","1.471,35"
9/12/2025,"2.987.064,00","1.674,77","25,25","21.902,99","1.468,72"
5/12/2025,"3.046.355,00","1.673,50","25,75","21.856,06","1.474,54"
4/12/2025,"3.096.396,00","1.672,23","26,00","21.844,54","1.470,00"
3/12/2025,"3.129.449,00","1.670,96","26,50","21.832,67","1.470,30"
2/12/2025,"3.042.001,00","1.669,70","28,50","21.820,70","1.477,35"
1/12/2025,"3.060.289,00","1.665,91","29,44","21.808,62","1.475,23"
28/11/2025,"3.026.470,00","1.664,64","29,94","21.771,29","1.476,42"
27/11/2025,"3.020.019,00","1.663,38","30,25","21.758,41","1.481,82"
26/11/2025,"2.985.632,00","1.662,12","29,81","21.744,95","1.487,55"
25/11/2025,"2.865.760,00","1.655,83","30,13","21.731,17","1.480,68"
21/11/2025,"2.761.615,00","1.655,83",#N/A,#N/A,"1.460,35"
20/11/2025,"2.850.533,00","1.654,58","31,00","21.661,13","1.452,76"
19/11/2025,"2.869.724,00","1.653,33","32,19","21.646,71","1.441,13"
18/11/2025,"2.932.664,00","1.652,07","32,44","21.632,37","1.440,51"
17/11/2025,"2.926.871,00","1.648,46","31,13","21.617,86","1.448,93"
14/11/2025,"2.992.809,00","1.647,36","32,06","21.573,60","1.451,17"
13/11/2025,"2.883.333,00","1.646,26","31,56","21.558,76","1.462,04"
12/11/2025,"2.984.608,00","1.645,15","31,31","21.543,43","1.451,89"
11/11/2025,"2.958.511,00","1.644,05","33,38","21.528,14","1.455,43"
10/11/2025,"2.951.889,00","1.640,75","32,50","21.512,52","1.458,18"
7/11/2025,"2.864.647,00","1.638,55","32,94","21.465,88","1.454,69"
6/11/2025,"2.973.544,00","1.638,55",#N/A,#N/A,"1.480,23"
5/11/2025,"3.048.197,00","1.637,45","34,06","21.434,62","1.478,74"
4/11/2025,"3.080.710,00","1.636,35","35,00","21.418,18","1.495,58"
3/11/2025,"3.104.495,00","1.633,07","34,75","21.401,49","1.500,47"
31/10/2025,"3.002.607,00","1.631,97","37,19","21.350,35","1.477,46"
30/10/2025,"2.793.520,00","1.630,88","40,94","21.331,47","1.470,60"
29/10/2025,"2.801.881,00","1.629,78","41,19","21.311,05","1.475,21"
28/10/2025,"2.670.388,00","1.628,69","44,50","21.281,67","1.477,87"
27/10/2025,"2.529.084,00","1.625,42","41,81","21.254,32","1.440,79"
24/10/2025,"2.076.859,00","1.624,33","49,44","21.179,45","1.549,44"
23/10/2025,"2.055.520,00","1.623,24","48,63","21.160,59","1.533,70"
22/10/2025,"2.018.811,00","1.622,15","48,13","21.142,65","1.592,99"
21/10/2025,"2.002.849,00","1.621,07","48,75","21.125,28","1.591,57"
20/10/2025,"1.978.419,00","1.617,81","49,38","21.106,85","1.552,82"
17/10/2025,"1.989.555,00","1.616,73","53,06","21.046,40","1.541,49"
16/10/2025,"1.929.505,00","1.615,64","57,25","21.016,31","1.473,52"
15/10/2025,"1.912.739,00","1.614,63","56,25","20.978,12","1.441,77"
14/10/2025,"1.884.774,00","1.613,62","51,94","20.945,26","1.454,99"
13/10/2025,"1.924.930,00","1.609,57","46,56","20.920,33","1.409,92"
9/10/2025,"1.924.930,00","1.608,56","49,56","20.832,20","1.440,81"
8/10/2025,"1.819.464,00","1.607,55","44,31","20.811,21","1.527,95"
7/10/2025,"1.793.952,00","1.606,54","44,13","20.791,95","1.533,95"
6/10/2025,"1.802.570,00","1.603,52","40,81","20.774,72","1.499,11"
3/10/2025,"1.805.024,00","1.602,52","40,88","20.724,65","1.498,81"
2/10/2025,"1.808.661,00","1.601,51","40,38","20.708,20","1.500,00"
1/10/2025,"1.764.590,00","1.600,51","40,63","20.691,47","1.523,00"
30/9/2025,"1.773.440,00","1.599,50","41,00","20.674,80","1.494,02"
29/9/2025,"1.793.185,00","1.596,50","39,63","20.658,59","1.454,91"
26/9/2025,"1.791.046,00","1.595,50","39,25","20.606,36","1.431,44"
25/9/2025,"1.767.848,42","1.594,50","40,38","20.588,93","1.380,13"
24/9/2025,"1.843.318,56","1.593,49","43,50","20.571,58","1.369,47"
23/9/2025,"1.815.381,74","1.592,50","46,44","20.551,68","1.405,02"
22/9/2025,"1.811.038,73","1.589,50","45,38","20.532,38","1.427,51"
19/9/2025,"1.683.960,00","1.588,50","45,25","20.474,96","1.551,03"
18/9/2025,"1.695.530,00","1.587,51","44,31","20.456,07","1.535,40"
17/9/2025,"1.783.520,00","1.586,51","43,25","20.437,23","1.486,47"
16/9/2025,"1.788.269,00","1.585,52","43,38","20.418,31","1.469,91"
15/9/2025,"1.748.702,00","1.582,63","44,63","20.399,32","1.488,06"
12/9/2025,"1.759.874,00","1.581,67","46,13","20.343,62","1.468,46"
11/9/2025,"1.805.182,00","1.580,71","50,94","20.326,02","1.451,12"
10/9/2025,"1.825.228,00","1.579,75","53,63","20.308,50","1.428,49"
9/9/2025,"1.728.447,00","1.578,79","59,00","20.290,35","1.430,74"
8/9/2025,"1.732.924,00","1.575,92","56,50","20.269,70","1.434,92"
5/9/2025,"1.997.624,00","1.574,96","55,25","20.210,89","1.383,33"
4/9/2025,"1.990.320,00","1.574,01","57,19","20.192,34","1.378,31"
3/9/2025,"1.933.987,00","1.573,05","56,56","20.173,41","1.370,14"
2/9/2025,"1.975.730,00","1.572,10","55,69","20.153,64","1.365,62"
1/9/2025,"1.939.743,00","1.569,24","58,19","20.133,37","1.376,49"
29/8/2025,"1.984.845,00","1.568,28","58,00","20.074,45","1.357,34"
28/8/2025,"1.997.379,00","1.567,33","59,06","20.055,05","1.344,05"
27/8/2025,"1.974.151,00","1.566,38","55,38","20.035,88","1.358,27"
26/8/2025,"2.033.345,00","1.565,43","58,38","20.014,84","1.352,46"
25/8/2025,"2.021.852,00","1.562,58","52,19","19.993,44","1.362,22"
22/8/2025,"2.106.200,00","1.561,63","53,13","19.929,70","1.329,08"
21/8/2025,"2.103.163,00","1.560,68","53,81","19.908,30","1.321,87"
20/8/2025,"2.081.951,00","1.559,74","53,44","19.892,35","1.309,60"
19/8/2025,"2.092.206,00","1.558,79","54,13","19.875,33","1.297,02"
18/8/2025,"2.198.382,00","1.555,16","49,69","19.855,89","1.301,06"
14/8/2025,"2.188.543,00","1.554,36","46,69","19.760,78","1.308,13"
13/8/2025,"2.287.631,00","1.553,57","44,38","19.740,18","1.318,72"
12/8/2025,"2.311.836,00","1.552,77","45,94","19.720,38","1.323,46"
11/8/2025,"2.303.302,00","1.550,39","41,88","19.700,49","1.324,65"
8/8/2025,"2.300.926,00","1.549,59","40,75","19.642,90","1.332,23"
7/8/2025,"2.349.021,00","1.548,80","39,44","19.625,19","1.327,80"
6/8/2025,"2.415.041,00","1.548,01","38,19","19.610,46","1.334,88"
5/8/2025,"2.346.867,00","1.547,21","39,38","19.595,81","1.344,27"
4/8/2025,"2.287.329,00","1.544,84","38,81","19.581,24","1.356,15"
1/8/2025,"2.278.849,00","1.544,05","38,00","19.537,63","1.357,56"
31/7/2025,"2.319.511,00","1.543,26","36,81","19.522,55","1.359,76"
30/7/2025,"2.306.756,00","1.542,47","35,31","19.507,61","1.322,36"
29/7/2025,"2.304.343,00","1.541,68","35,44","19.491,27","1.294,45"
28/7/2025,"2.213.570,00","1.539,31","33,19","19.474,47","1.296,25"
25/7/2025,"2.197.099,00","1.538,52","33,81","19.427,69","1.285,98"
24/7/2025,"2.135.087,00","1.537,74","34,69","19.411,37","1.272,91"
23/7/2025,"2.083.677,00","1.536,95","34,63","19.392,98","1.264,65"
22/7/2025,"2.010.482,00","1.536,16","34,44","19.371,65","1.260,71"
21/7/2025,"2.042.466,00","1.533,81","32,19","19.352,44","1.281,33"
18/7/2025,"2.075.286,00","1.533,02","31,44","19.312,91","1.292,87"
17/7/2025,"2.066.134,00","1.532,24","30,19","19.300,47","1.280,96"
16/7/2025,"2.027.274,00","1.531,45","30,00","19.288,54","1.269,99"
15/7/2025,"2.075.072,00","1.530,69","28,75","19.277,51","1.276,07"
14/7/2025,"2.064.025,00","1.528,41","28,88","19.267,38","1.295,84"
11/7/2025,"2.007.433,00","1.527,66","30,44","19.235,76","1.269,10"
10/7/2025,"2.068.736,00","1.526,14","31,31","19.223,55","1.267,87"
8/7/2025,"2.129.786,00","1.525,38","32,44","19.198,41","1.259,09"
7/7/2025,"2.049.934,00","1.523,11","31,75","19.185,89","1.276,44"
4/7/2025,"2.078.697,00","1.522,36","31,69","19.148,60","1.246,92"
3/7/2025,"2.078.161,00","1.521,60","32,44","19.135,81","1.238,37"
2/7/2025,"2.063.027,00","1.520,85","32,44","19.122,71","1.238,60"
1/7/2025,"2.031.093,00","1.520,09","32,69","19.109,29","1.232,83"
30/6/2025,"1.994.825,00","1.517,83","32,00","19.095,46","1.211,10"
27/6/2025,"2.041.078,00","1.517,08","32,50","19.053,28","1.197,54"
26/6/2025,"2.038.949,00","1.516,33","32,31","19.039,19","1.199,28"
25/6/2025,"2.024.393,00","1.515,57","32,38","19.025,15","1.196,43"
24/6/2025,"2.064.590,00","1.514,82","32,94","19.011,24","1.184,49"
23/6/2025,"1.977.116,00","1.511,82","32,00","18.997,28","1.185,15"
19/6/2025,"2.064.099,00","1.511,07","33,06","18.941,83","1.174,03"
18/6/2025,"2.050.983,00","1.510,32","31,94","18.927,29","1.167,07"
17/6/2025,"2.072.440,00","1.506,13","32,25","18.912,99","1.190,37"
13/6/2025,"2.127.156,00","1.504,79","31,88","18.857,63","1.191,06"
12/6/2025,"2.187.671,01","1.503,45","32,19","18.843,48","1.186,51"
11/6/2025,"2.171.273,00","1.502,11","31,94","18.829,44","1.186,93"
10/6/2025,"2.202.667,00","1.500,78","32,13","18.815,85","1.189,44"
9/6/2025,"2.111.197,00","1.496,77","31,31","18.802,43","1.192,16"
6/6/2025,"2.156.779,00","1.495,44","31,94","18.762,44","1.192,40"
5/6/2025,"2.124.156,00","1.494,11","31,69","18.749,34","1.192,38"
4/6/2025,"2.126.915,00","1.492,78","31,44","18.736,30","1.193,22"
3/6/2025,"2.224.638,00","1.491,45","32,50","18.723,21","1.189,67"
2/6/2025,"2.206.291,00","1.487,47","32,69","18.710,16","1.183,78"
30/5/2025,"2.278.992,00","1.486,14","31,81","18.671,03","1.191,72"
29/5/2025,"2.308.056,00","1.484,82","32,31","18.658,00","1.181,90"
28/5/2025,"2.344.329,52","1.483,50","31,94","18.644,94","1.164,80"
27/5/2025,"2.355.098,00","1.482,18","33,00","18.631,90","1.161,30"
26/5/2025,"2.370.800,00","1.478,22","31,88","18.618,87","1.145,42"
23/5/2025,"2.345.902,00","1.476,90","33,50","18.579,53","1.143,32"
22/5/2025,"2.314.897,00","1.475,59","32,56","18.566,43","1.143,49"
21/5/2025,"2.319.549,00","1.474,27","32,25","18.553,34","1.148,80"
20/5/2025,"2.378.464,00","1.472,96","33,75","18.540,25","1.153,33"
19/5/2025,"2.369.505,00","1.469,03","33,56","18.527,10","1.148,77"
16/5/2025,"2.318.360,00","1.467,72","31,81","18.486,65","1.155,12"
15/5/2025,"2.298.473,00","1.465,95","33,38","18.473,04",#N/A
14/5/2025,"2.301.643,00","1.464,17","32,81","18.459,50",#N/A
13/5/2025,"2.285.483,00","1.462,40","33,56","18.445,93","1.140,92"
12/5/2025,"2.230.395,00","1.457,10","32,25","18.432,44","1.141,20"
9/5/2025,"2.114.386,00","1.455,33","32,44","18.392,23","1.144,11"
8/5/2025,"2.061.722,00","1.453,57","33,31","18.378,89","1.143,32"
7/5/2025,"2.059.915,00","1.451,81","33,13","18.365,63","1.156,07"
6/5/2025,"2.129.995,00","1.450,05","33,63","18.352,39","1.199,61"
5/5/2025,"2.059.932,00","1.441,30","32,19","18.339,12","1.202,92"
30/4/2025,"2.100.844,00","1.439,56","33,00","18.271,40","1.183,37"
29/4/2025,"2.158.848,00","1.437,81","33,25","18.257,67","1.173,15"
28/4/2025,"2.179.249,00","1.432,60","33,06","18.243,95","1.176,55"
25/4/2025,"2.225.243,00","1.430,87","33,63","18.202,00","1.184,24"
24/4/2025,"2.232.745,00","1.429,13","33,56","18.188,13","1.186,53"
23/4/2025,"2.239.402,00","1.427,40","34,63","18.174,39","1.168,00"
22/4/2025,"2.163.891,00","1.425,68","34,50","18.160,63","1.140,38"
21/4/2025,"2.045.707,00","1.417,07","35,00","18.146,46","1.122,08"
16/4/2025,"2.177.975,00","1.415,35","37,25","18.072,65","1.165,93"
15/4/2025,"2.284.280,00","1.414,27","35,63","18.057,27","1.237,90"
14/4/2025,"2.364.950,00","1.411,03","36,25","18.041,58","1.253,40"
11/4/2025,"2.248.803,00","1.409,95","32,13","17.996,63","1.333,33"
10/4/2025,"2.111.490,00","1.408,87","32,06","17.983,08","1.364,01"
9/4/2025,"2.183.577,00","1.407,79","30,63","17.969,86","1.341,72"
8/4/2025,"1.990.621,00","1.406,72","31,81","17.956,73","1.376,58"
7/4/2025,"2.025.967,00","1.403,49","31,38","17.943,63","1.370,35"
4/4/2025,"2.107.816,00","1.402,42","30,06","17.904,12","1.340,44"
3/4/2025,"2.275.659,00","1.400,28","31,06","17.891,16","1.319,42"
1/4/2025,"2.356.531,00","1.399,20","31,06","17.865,17","1.314,47"
31/3/2025,"2.338.761,00","1.396,00","30,19","17.852,21","1.313,97"
28/3/2025,"2.378.563,00","1.394,93","29,88","17.813,38","1.302,44"
27/3/2025,"2.412.082,00","1.393,86","30,50","17.800,48","1.292,29"
26/3/2025,"2.439.966,00","1.392,80","30,44","17.787,57","1.295,63"
25/3/2025,"2.487.680,00","1.388,54","29,63","17.774,68","1.294,30"
21/3/2025,"2.433.538,00","1.387,48","30,19","17.723,26","1.287,22"
20/3/2025,"2.361.583,00","1.386,42","30,56","17.710,47","1.287,59"
19/3/2025,"2.392.030,00","1.385,36","30,31","17.697,74","1.286,38"
18/3/2025,"2.288.538,00","1.384,30","30,25","17.685,03","1.299,32"
17/3/2025,"2.346.306,00","1.381,11","29,25","17.672,37","1.250,59"
14/3/2025,"2.335.575,00","1.380,03","29,25","17.634,03","1.237,78"
13/3/2025,"2.232.180,00","1.378,96","28,88","17.621,42","1.233,55"
12/3/2025,"2.272.937,00","1.377,89","28,94","17.608,91","1.229,34"
11/3/2025,"2.159.500,00","1.376,82","29,00","17.596,38","1.230,38"
10/3/2025,"2.138.846,00","1.373,61","28,44","17.583,82","1.228,92"
7/3/2025,"2.262.289,00","1.372,55","28,81","17.545,62","1.221,93"
6/3/2025,"2.270.181,00","1.371,48","28,88","17.532,92","1.237,86"
5/3/2025,"2.290.050,00","1.366,16","27,75","17.520,28","1.235,31"
28/2/2025,"2.205.801,00","1.365,10","28,19","17.455,94","1.228,48"
27/2/2025,"2.193.657,00","1.364,04","28,00","17.443,11","1.215,29"
26/2/2025,"2.275.037,00","1.362,98","27,56","17.430,29","1.211,56"
25/2/2025,"2.282.899,00","1.361,92","28,56","17.417,45","1.211,96"
24/2/2025,"2.348.399,00","1.358,75","27,94","17.404,62","1.207,48"
21/2/2025,"2.364.530,00","1.357,69","28,13","17.366,16","1.205,88"
20/2/2025,"2.410.221,00","1.356,64","27,50","17.353,23","1.206,06"
19/2/2025,"2.401.580,00","1.355,59","27,88","17.340,23","1.201,86"
18/2/2025,"2.391.725,00","1.354,53","28,00","17.327,29","1.203,16"
17/2/2025,"2.254.189,00","1.351,27","28,44","17.314,17","1.210,09"
14/2/2025,"2.387.386,00","1.350,11","29,06","17.274,85","1.183,88"
13/2/2025,"2.353.744,00","1.348,95","28,13","17.261,56","1.187,89"
12/2/2025,"2.285.847,00","1.347,79","28,63","17.248,22","1.186,35"
11/2/2025,"2.273.568,00","1.346,63","29,19","17.234,97","1.180,85"
10/2/2025,"2.391.368,00","1.343,16","28,50","17.221,89","1.184,07"
7/2/2025,"2.416.382,00","1.342,01","28,75","17.182,96","1.194,47"
6/2/2025,"2.503.484,00","1.340,86","29,44","17.169,98","1.189,03"
5/2/2025,"2.477.714,00","1.339,70","29,69","17.156,99","1.191,94"
4/2/2025,"2.523.647,00","1.338,55","29,50","17.144,08","1.188,00"
3/2/2025,"2.484.136,00","1.335,11","28,50","17.130,95","1.178,82"
31/1/2025,"2.564.659,00","1.333,96","29,31","17.090,29","1.164,79"
30/1/2025,"2.599.329,00","1.332,81","31,44","17.076,46","1.164,89"
29/1/2025,"2.545.356,00","1.331,67","31,56","17.062,59","1.163,36"
28/1/2025,"2.435.629,00","1.330,52","32,25","17.048,66","1.161,38"
27/1/2025,"2.439.099,00","1.327,10","30,44","17.034,74","1.162,22"
24/1/2025,"2.566.082,00","1.325,96","32,63","16.992,68","1.155,75"
23/1/2025,"2.625.050,00","1.324,82","31,31","16.978,81","1.167,35"
22/1/2025,"2.680.946,00","1.323,68","31,31","16.965,00","1.172,67"
21/1/2025,"2.619.719,00","1.322,54","31,63","16.951,27","1.167,61"
20/1/2025,"2.536.838,00","1.319,14","30,88","16.937,58","1.165,90"
17/1/2025,"2.510.886,00","1.318,01","31,25","16.896,36","1.165,84"
16/1/2025,"2.629.377,00","1.316,87","30,69","16.882,74","1.166,03"
15/1/2025,"2.704.474,00","1.315,87","31,69","16.869,22","1.164,05"
14/1/2025,"2.733.273,00","1.314,86","32,63","16.855,49","1.162,93"
13/1/2025,"2.655.179,00","1.311,85","31,63","16.841,58","1.163,21"
10/1/2025,"2.805.140,00","1.310,84","31,19","16.801,35","1.164,01"
9/1/2025,"2.829.731,00","1.309,84","31,31","16.788,06","1.164,19"
8/1/2025,"2.782.477,00","1.308,84","31,00","16.774,79","1.164,72"
7/1/2025,"2.822.175,00","1.307,84","32,38","16.761,50","1.164,37"
6/1/2025,"2.801.221,00","1.304,84","32,75","16.748,20","1.165,09"
3/1/2025,"2.728.911,00",#N/A,"32,06","16.707,51","1.165,88"
2/1/2025,"2.695.647,00","1.301,85","31,63","16.693,83","1.162,12"
30/12/2024,"2.533.635,00","1.297,87","31,94","16.652,21","1.170,41"
27/12/2024,"2.577.546,00","1.296,88","32,88","16.611,16","1.170,56"
26/12/2024,"2.597.389,00","1.294,89","31,94","16.597,85","1.170,89"
24/12/2024,"2.551.021,00","1.293,90",#N/A,#N/A,"1.160,97"
23/12/2024,"2.501.153,00","1.290,94","32,00","16.558,37","1.162,30"
20/12/2024,"2.467.562,00","1.289,95","32,88","16.518,47","1.142,20"
19/12/2024,"2.419.894,00","1.288,96","31,69","16.505,25","1.131,19"
18/12/2024,"2.521.017,00","1.287,98","32,38","16.491,69","1.131,22"
17/12/2024,"2.592.201,00","1.286,99","32,50","16.478,08","1.145,26"
16/12/2024,"2.543.202,00","1.283,73","31,94","16.464,46","1.100,27"
13/12/2024,"2.370.662,00","1.282,59","32,06","16.422,95","1.073,08"
12/12/2024,"2.304.090,00","1.281,45","32,06","16.409,00","1.058,21"
11/12/2024,"2.291.149,00","1.280,31","31,31","16.395,10","1.057,72"
10/12/2024,"2.201.246,00","1.279,17","32,69","16.381,23","1.060,52"
9/12/2024,"2.228.859,00","1.275,77","31,88","16.367,41","1.049,31"
6/12/2024,"2.202.444,00","1.274,64","32,56","16.325,32","1.049,33"
5/12/2024,"2.211.583,00","1.273,51","35,38","16.310,77","1.062,16"
4/12/2024,"2.216.278,00","1.272,38","34,69","16.296,15","1.076,34"
3/12/2024,"2.303.990,00","1.271,25","36,94","16.281,45","1.075,65"
2/12/2024,"2.299.129,00","1.267,86","34,94","16.266,81","1.068,89"
29/11/2024,"2.258.295,00","1.266,74","36,50","16.222,42","1.075,76"
28/11/2024,"2.230.803,00","1.265,61","37,00","16.207,62","1.075,15"
27/11/2024,"2.205.245,00","1.264,49","36,38","16.192,89","1.074,61"
26/11/2024,"2.252.266,00","1.263,37","37,31","16.178,12","1.076,12"
25/11/2024,"2.218.551,00","1.260,01","35,50","16.163,39","1.077,58"
22/11/2024,"2.211.988,00","1.258,89","35,81","16.119,18","1.080,40"
21/11/2024,"2.140.096,00","1.257,77","36,88","16.104,40","1.078,95"
20/11/2024,"2.145.972,00","1.256,66","36,19","16.089,68","1.074,86"
19/11/2024,"2.124.413,00","1.252,20","34,69","16.074,98","1.075,12"
15/11/2024,"2.066.915,00","1.250,81","35,81","16.014,48","1.096,02"
14/11/2024,"2.087.647,00","1.249,42","35,69","15.999,56","1.105,75"
13/11/2024,"2.042.551,00","1.248,04","36,13","15.984,70","1.121,11"
12/11/2024,"2.012.041,00","1.246,65","36,38","15.969,88","1.124,40"
11/11/2024,"1.987.846,00","1.242,51","35,50","15.955,09","1.131,23"
8/11/2024,"1.964.487,00","1.241,13","36,00","15.910,76","1.130,20"
7/11/2024,"2.015.558,00","1.238,38","35,00","15.896,08","1.135,99"
6/11/2024,"1.976.613,00","1.238,38",#N/A,#N/A,"1.145,69"
5/11/2024,"1.931.281,00","1.237,01","36,31","15.866,57","1.153,50"
4/11/2024,"1.919.066,00","1.232,90","36,69","15.851,75","1.151,54"
1/11/2024,"1.879.879,00","1.231,53","37,50","15.807,27","1.146,17"
31/10/2024,"1.848.744,00","1.230,16","40,56","15.791,30","1.131,46"
30/10/2024,"1.837.535,00","1.228,80","41,44","15.775,30","1.138,32"
29/10/2024,"1.845.639,00","1.227,43","42,50","15.759,28","1.138,18"
28/10/2024,"1.851.914,00","1.223,36","40,31","15.743,27","1.134,18"
25/10/2024,"1.872.785,00","1.222,00","41,06","15.695,32","1.141,81"
24/10/2024,"1.849.995,00","1.220,64","42,38","15.679,34","1.160,00"
23/10/2024,"1.774.319,00","1.219,29","40,88","15.663,35","1.161,99"
22/10/2024,"1.807.539,00","1.217,94","42,31","15.647,38","1.161,97"
21/10/2024,"1.820.705,00","1.213,89","41,31","15.631,43","1.167,91"
18/10/2024,"1.823.330,00","1.212,54","40,25","15.583,64","1.160,00"
17/10/2024,"1.801.604,00","1.211,20","40,63",#N/A,"1.160,00"
16/10/2024,"1.776.061,00","1.209,85","40,44","15.551,32","1.159,89"
15/10/2024,"1.816.251,00","1.208,20","39,38",#N/A,"1.139,91"
14/10/2024,"1.804.415,00","1.201,59","39,69","15.519,28","1.143,88"
10/10/2024,"1.782.989,00","1.199,94","39,63","15.457,36","1.134,84"
9/10/2024,"1.771.933,00","1.198,30","38,56","15.441,67","1.147,40"
8/10/2024,"1.731.370,00","1.196,65","38,50","15.426,17","1.169,54"
7/10/2024,"1.714.594,00","1.191,74","39,06","15.410,69","1.184,07"
4/10/2024,"1.756.515,00","1.190,11","39,81","15.364,29","1.187,52"
3/10/2024,"1.754.992,00","1.188,48","40,44","15.348,77","1.191,74"
2/10/2024,"1.715.159,00","1.186,85","40,06","15.333,24","1.207,51"
1/10/2024,"1.728.761,00","1.185,22","42,00","15.317,73","1.220,07"
30/9/2024,"1.697.401,00","1.180,35","39,75","15.302,20","1.215,03"
27/9/2024,"1.727.777,00","1.178,74","40,94","15.255,68","1.207,75"
26/9/2024,"1.715.671,00","1.177,12","40,63","15.240,16","1.210,95"
25/9/2024,"1.744.131,00","1.175,51","39,63","15.224,66","1.209,79"
24/9/2024,"1.774.668,00","1.173,90","42,00","15.209,15","1.202,13"
23/9/2024,"1.790.228,00","1.169,08","40,06","15.193,70","1.204,57"
20/9/2024,"1.822.928,00","1.167,48","41,69","15.147,30","1.200,10"
19/9/2024,"1.847.053,00","1.165,88","40,13","15.131,82","1.197,74"
18/9/2024,"1.815.099,00","1.164,28","39,44","15.116,35","1.206,72"
17/9/2024,"1.813.298,00","1.162,68","39,25","15.100,94","1.214,04"
16/9/2024,"1.812.872,00","1.158,15","39,13","15.085,38","1.217,53"
13/9/2024,"1.817.734,00","1.156,69","38,63","15.039,04","1.226,53"
12/9/2024,"1.790.058,00","1.155,23","39,25","15.023,82","1.239,48"
11/9/2024,"1.764.129,00","1.153,77","39,31","15.008,67","1.230,16"
10/9/2024,"1.715.185,00","1.152,31","38,63","14.993,59","1.230,44"
9/9/2024,"1.738.556,00","1.147,94","37,88","14.978,54","1.226,42"
6/9/2024,"1.721.668,00","1.146,49","38,00","14.933,42","1.243,87"
5/9/2024,"1.765.465,00","1.145,04","38,13","14.918,43","1.258,82"
4/9/2024,"1.796.920,00","1.143,59","37,75","14.903,45","1.279,84"
3/9/2024,"1.735.253,00","1.142,15","39,44","14.888,35","1.294,46"
2/9/2024,"1.754.833,00","1.137,82","37,38","14.872,51","1.285,01"
30/8/2024,"1.717.565,00","1.136,38","40,13","14.827,08","1.279,96"
29/8/2024,"1.660.144,00","1.134,95","39,44","14.811,96","1.271,33"
28/8/2024,"1.617.544,00","1.133,51","38,81","14.796,97","1.282,19"
27/8/2024,"1.616.134,00","1.132,08","41,19","14.781,99","1.286,19"
26/8/2024,"1.593.003,00","1.127,79","38,38","14.767,07","1.288,25"
23/8/2024,"1.606.967,00","1.126,36","39,13","14.721,99","1.282,70"
22/8/2024,"1.577.420,00","1.124,94","41,25","14.707,07","1.283,23"
21/8/2024,"1.621.076,00","1.123,52","39,25","14.692,17","1.291,75"
20/8/2024,"1.659.275,00","1.122,10","40,75","14.677,28","1.287,82"
19/8/2024,"1.657.075,00","1.117,84","38,38","14.662,42","1.290,10"
16/8/2024,"1.649.329,00","1.116,43","39,44","14.617,48","1.295,30"
15/8/2024,"1.643.875,00","1.114,81","38,50","14.602,63","1.276,21"
14/8/2024,"1.607.310,00","1.113,20","38,50","14.587,78","1.268,81"
13/8/2024,"1.591.697,00","1.111,58","38,38","14.573,07","1.272,49"
12/8/2024,"1.588.905,00","1.106,76","37,94","14.558,40","1.284,35"
9/8/2024,"1.583.895,00","1.105,15","37,19","14.514,35","1.298,27"
8/8/2024,"1.530.366,00","1.103,55","37,13","14.499,90","1.310,45"
7/8/2024,"1.452.161,00","1.101,95","38,38","14.485,47","1.331,95"
6/8/2024,"1.457.571,00","1.100,35","37,94","14.471,17","1.336,40"
5/8/2024,"1.420.523,00","1.095,57","36,75","14.457,28","1.346,09"
2/8/2024,"1.433.350,00","1.093,98","37,50","14.414,23","1.334,04"
1/8/2024,"1.500.217,00","1.092,40","40,25","14.399,54","1.300,14"
31/7/2024,"1.507.785,00","1.090,82","37,50","14.385,92","1.293,33"
30/7/2024,"1.411.953,00","1.089,23","39,19","14.372,28","1.267,95"
29/7/2024,"1.481.242,00","1.084,50","37,69","14.358,77","1.296,57"
26/7/2024,"1.542.022,00","1.082,93","38,19","14.318,18","1.323,15"
25/7/2024,"1.538.280,00","1.081,36","38,13","14.304,85","1.332,77"
24/7/2024,"1.582.113,00","1.079,79","38,13","14.291,59","1.337,51"
23/7/2024,"1.635.674,00","1.078,23","40,44","14.278,36","1.324,96"
22/7/2024,"1.590.407,00","1.073,55","38,69","14.265,15","1.333,37"
19/7/2024,"1.569.019,00","1.071,99","37,88","14.226,09","1.331,70"
18/7/2024,"1.528.791,00","1.070,44","37,88","14.213,19","1.315,29"
17/7/2024,"1.524.496,00","1.068,88","37,50","14.200,30","1.300,00"
16/7/2024,"1.526.268,00","1.067,33","36,50","14.187,46","1.278,94"
15/7/2024,"1.504.984,00","1.062,95","36,06","14.174,64","1.307,54"
12/7/2024,"1.715.610,00","1.061,50","37,06","14.136,30","1.416,22"
11/7/2024,"1.705.677,00","1.060,04","35,56","14.123,60","1.403,33"
10/7/2024,"1.690.009,00","1.057,14","34,25","14.111,00","1.377,39"
8/7/2024,"1.643.221,09","1.052,80","35,81","14.085,94","1.386,86"
5/7/2024,"1.629.030,00","1.051,35","36,00","14.049,06","1.396,24"
4/7/2024,"1.612.745,00","1.049,91","33,88","14.036,72","1.395,68"
3/7/2024,"1.603.517,00","1.048,47","34,94","14.024,44","1.382,50"
2/7/2024,"1.634.019,00","1.047,04","36,50","14.012,22","1.428,46"
1/7/2024,"1.594.733,00","1.042,74","34,19","14.000,15","1.413,01"
28/6/2024,"1.611.295,00","1.041,31","36,06","13.963,88","1.347,96"
27/6/2024,"1.635.667,00","1.039,88","33,56","13.951,81","1.331,96"
26/6/2024,"1.574.472,00","1.038,46","32,88","13.939,71","1.332,13"
25/6/2024,"1.570.620,00","1.037,03","35,19","13.927,64","1.308,99"
24/6/2024,"1.559.667,00","1.029,95","33,38","13.915,70","1.295,22"
19/6/2024,"1.576.462,00","1.028,54","34,50","13.856,19","1.273,81"
18/6/2024,"1.557.430,00","1.021,53","32,63","13.844,40","1.245,49"
14/6/2024,"1.582.372,00","1.018,75","33,81","13.797,31","1.244,64"
13/6/2024,"1.605.208,00","1.015,99","33,63","13.785,54","1.241,10"
12/6/2024,"1.568.096,00","1.013,23","33,44","13.773,78","1.278,94"
11/6/2024,"1.544.869,00","1.010,47","34,63","13.762,04","1.273,90"
10/6/2024,"1.576.628,00","1.002,26","31,75","13.750,32","1.272,63"
7/6/2024,"1.519.209,00","999,54","32,94","13.715,45","1.282,33"
6/6/2024,"1.503.728,00","996,82","32,88","13.703,64","1.272,01"
5/6/2024,"1.570.750,00","994,11","32,56","13.691,81","1.283,09"
4/6/2024,"1.581.164,00","991,41","32,38","13.679,96","1.280,80"
3/6/2024,"1.659.248,00","983,35","32,06","13.668,14","1.269,91"
31/5/2024,"1.651.417,00","980,68","33,38","13.631,81","1.215,93"
30/5/2024,"1.643.010,68","978,02","32,13","13.619,65","1.182,71"
29/5/2024,"1.567.731,46","975,36","32,38","13.607,47","1.177,14"
28/5/2024,"1.575.417,13","972,71","31,69","13.595,28","1.200,90"
27/5/2024,"1.520.808,84","964,80","31,63","13.583,08","1.228,18"
24/5/2024,"1.520.808,84","962,18","32,19","13.545,56","1.205,73"
23/5/2024,"1.513.777,41","959,57","30,63","13.533,01","1.234,40"
22/5/2024,"1.562.849,32","956,96","31,56","13.520,54","1.230,60"
21/5/2024,"1.581.107,16","954,36","31,88","13.507,89","1.170,28"
20/5/2024,"1.535.511,52","946,60","31,94","13.495,20","1.106,22"
17/5/2024,"1.473.463,27","944,03","31,19","13.454,68","1.071,12"
16/5/2024,"1.481.343,26","941,46","32,06","13.440,72","1.062,25"
15/5/2024,"1.477.795,91","938,19","32,50","13.426,87","1.050,33"
14/5/2024,"1.409.885,45","934,94","39,19","13.410,88","1.041,65"
13/5/2024,"1.376.939,22","925,23","39,75","13.395,00","1.034,89"
10/5/2024,"1.407.510,54","922,02","39,38","13.347,37","1.035,73"
9/5/2024,"1.434.921,95","918,82","40,13","13.331,40","1.046,02"
8/5/2024,"1.450.498,79","915,62","39,75","13.315,43","1.038,77"
7/5/2024,"1.463.623,78","912,45","40,44","13.299,32","1.048,49"
6/5/2024,"1.495.826,64","902,97","40,31","13.283,31","1.064,47"
3/5/2024,"1.452.001,81","899,84","40,94","13.234,45","1.072,64"
2/5/2024,"1.369.673,99","893,60","47,88","13.217,56","1.064,56"
30/4/2024,"1.323.586,00","890,49","50,81","13.179,89","1.040,89"
29/4/2024,"1.308.069,00","881,25","50,81","13.161,15","1.037,77"
26/4/2024,"1.279.459,00","878,19","50,69","13.104,82","1.034,04"
25/4/2024,"1.245.144,00","875,14","56,50","13.085,85","1.034,06"
24/4/2024,"1.202.668,97","872,10","61,25","13.065,23","1.015,54"
23/4/2024,"1.245.751,00","869,07","61,00","13.044,54","1.006,71"
22/4/2024,"1.268.376,00","860,05","60,81","13.023,91","1.014,98"
19/4/2024,"1.189.210,00","857,06","60,94","12.961,93","1.026,65"
18/4/2024,"1.172.830,00","854,09","61,81","12.941,22","1.021,92"
17/4/2024,"1.172.353,00","851,12","61,00","12.920,54","1.021,16"
16/4/2024,"1.203.238,00","848,17","61,31","12.899,87","1.031,63"
15/4/2024,"1.197.527,00","838,05","61,31","12.879,29","1.021,55"
12/4/2024,"1.244.524,00","834,70","61,44","12.814,75","1.005,46"
11/4/2024,"1.259.303,00","831,37","67,88","12.792,88","994,86"
10/4/2024,"1.233.950,00","828,05","69,81","12.768,87","999,64"
9/4/2024,"1.253.210,00","824,75","70,88","12.744,83","1.000,69"
8/4/2024,"1.229.638,00","814,91","71,50","12.720,85","985,86"
5/4/2024,"1.214.371,00","811,66","71,38","12.648,55","1.000,88"
4/4/2024,"1.183.127,00","808,42","71,50","12.624,44","996,25"
3/4/2024,"1.212.639,00","786,10","70,75","12.600,50","991,25"
27/3/2024,"1.213.485,00","782,96","70,88","12.436,24","1.016,09"
26/3/2024,"1.214.656,00","779,84","71,19","12.412,75","1.027,09"
25/3/2024,"1.212.897,00","770,54","71,38","12.389,28","1.012,94"
22/3/2024,"1.227.404,00","767,46","71,31","12.318,66","1.036,16"
21/3/2024,"1.225.494,00","764,40","72,25","12.295,11","1.036,25"
20/3/2024,"1.185.177,00","761,35","71,25","12.271,54","1.042,43"
19/3/2024,"1.129.937,00","758,31","71,06","12.247,99","1.032,36"
18/3/2024,"1.124.137,00","749,26","71,13","12.224,57","1.023,89"
15/3/2024,"1.068.974,00","744,44","71,63","12.154,04","1.027,63"
14/3/2024,"1.039.095,00","739,65","72,38","12.130,59","1.015,67"
13/3/2024,"1.050.711,00","734,88","72,50","12.107,17","1.012,01"
12/3/2024,"1.026.837,00","730,15","74,38","12.083,76","1.036,19"
11/3/2024,"957.777,50","716,14","108,63","12.055,36","980,98"
8/3/2024,"1.002.336,00","711,53","108,94","11.970,50","1.000,47"
7/3/2024,"994.808,40","706,95","108,06","11.942,26","996,63"
6/3/2024,"999.642,10","702,40","109,25","11.914,11","981,21"
5/3/2024,"992.683,90","697,88","108,94","11.886,00","1.016,08"
4/3/2024,"1.047.614,00","684,48","108,94","11.858,23","1.029,54"
1/3/2024,"1.054.959,00","680,08","108,81","11.775,83","1.053,46"
29/2/2024,"1.014.712,00","675,70","108,94","11.749,45","1.032,24"
28/2/2024,"998.835,20","671,35","109,06","11.723,11","1.031,25"
27/2/2024,"1.034.335,00","667,03","110,00","11.696,76","1.044,95"
26/2/2024,"1.080.444,00","654,23","108,81","11.670,38","1.051,04"
23/2/2024,"1.105.610,00","650,01","109,25","11.591,41","1.076,60"
22/2/2024,"1.076.030,00","645,83","109,56","11.565,09","1.054,78"
21/2/2024,"1.039.512,00","641,67","108,13","11.538,81","1.072,51"
20/2/2024,"1.059.716,00","637,54","109,56","11.512,53","1.080,31"
19/2/2024,"1.072.261,00","625,31","109,31","11.486,30","1.108,61"
16/2/2024,"1.065.369,00","621,28","109,13","11.407,73","1.064,71"
15/2/2024,"1.093.752,00","616,74","109,63","11.381,60","1.086,86"
14/2/2024,"1.105.580,00","594,56","108,19","11.355,43","1.124,14"
9/2/2024,"1.128.511,00","590,22","107,88","11.224,63","1.173,36"
8/2/2024,"1.115.907,00","585,91","109,44","11.198,51","1.183,55"
7/2/2024,"1.152.888,00","581,63","108,88","11.172,50","1.199,41"
6/2/2024,"1.215.654,00","577,39","108,44","11.146,29","1.194,74"
5/2/2024,"1.260.998,00","564,83","108,00","11.120,22","1.209,52"
2/2/2024,"1.316.205,00","560,71","108,88","11.042,70","1.237,43"
1/2/2024,"1.302.467,00","556,62","107,94","11.017,22","1.235,43"
31/1/2024,"1.260.563,00","552,55","109,69","10.993,04","1.175,67"
30/1/2024,"1.267.134,00","548,52","108,63","10.968,95","1.208,21"
29/1/2024,"1.253.608,00","536,59","109,00","10.944,91","1.219,88"
26/1/2024,"1.253.620,00","532,68","108,06","10.873,07","1.188,48"
25/1/2024,"1.284.940,00","528,79","108,81","10.849,11","1.229,32"
24/1/2024,"1.251.660,00","524,93","109,88","10.825,15","1.232,72"
23/1/2024,"1.206.469,00","521,10","109,69","10.801,19","1.233,22"
22/1/2024,"1.219.960,00","509,77","108,69","10.777,18","1.241,41"
19/1/2024,"1.174.875,00","506,05","109,69","10.704,70","1.251,67"
18/1/2024,"1.133.638,00","502,35","109,63","10.680,72","1.227,54"
17/1/2024,"1.124.212,00","498,68","109,56","10.656,75","1.221,49"
16/1/2024,"1.057.770,00","495,04","109,75","10.632,77","1.163,48"
15/1/2024,"1.038.358,00","489,31","109,63","10.608,83","1.125,30"
12/1/2024,"1.033.123,00","487,41","109,38","10.536,98","1.096,39"
11/1/2024,"1.043.924,00","485,52","109,50","10.513,09","1.119,17"
10/1/2024,"1.070.425,00","483,64","108,31","10.489,21","1.142,45"
9/1/2024,"1.060.581,00","481,76","109,75","10.465,40","1.160,38"
8/1/2024,"1.104.913,00","476,18","108,56","10.441,63","1.141,62"
5/1/2024,"1.055.381,00","474,33","109,13","10.370,41","1.104,93"
4/1/2024,"1.004.790,00","472,49","109,25","10.346,67","1.050,43"
3/1/2024,"972.411,70","470,66","109,13","10.323,00","1.033,56"
2/1/2024,"930.419,70","463,40","108,00","10.299,66","991,30"
29/12/2023,"929.704,20","461,60","109,75","10.208,92","995,00"
28/12/2023,"904.067,20","459,81","109,00","10.185,83","950,24"
27/12/2023,"872.972,20","458,03","108,88","10.162,78","932,59"
26/12/2023,"913.125,10","450,97","109,31","10.140,07","939,70"
22/12/2023,"948.473,80","449,22","109,56","10.049,62","954,23"
21/12/2023,"942.904,10","447,48","109,94","10.027,11","971,88"
20/12/2023,"919.910,90","445,74","109,75","10.004,60","946,47"
19/12/2023,"914.460,80","444,01","113,00","9.982,13","964,69"
18/12/2023,"921.876,90","438,87","129,94","9.959,63","963,22"
15/12/2023,"925.657,90","437,70","128,25","9.892,48","993,73"
14/12/2023,"989.696,10","436,54","127,88","9.870,30","1.003,94"
13/12/2023,"1.003.483,68","435,38","129,25","9.848,14","1.037,29"
12/12/2023,"1.010.022,00","434,23","129,75","9.822,31","1.011,46"
11/12/2023,"976.823,10","429,64","129,88","9.796,09","993,53"
7/12/2023,"941.829,90","428,49","130,13","9.690,56","986,37"
6/12/2023,"894.502,30","427,36","129,13","9.664,16","936,93"
5/12/2023,"885.270,40","426,22","129,06","9.637,78","934,71"
4/12/2023,"845.384,30","422,84","129,63","9.611,47","913,05"
1/12/2023,"870.169,20","421,72","130,19","9.534,30","907,69"
30/11/2023,"813.393,90","420,60","129,88","9.509,58","858,82"
29/11/2023,"790.376,60","419,48","129,31","9.485,29","838,16"
28/11/2023,"773.419,80","418,37","129,38","9.460,74","867,12"
27/11/2023,"843.665,20","415,04","129,50","9.436,02","889,15"
24/11/2023,"917.599,30","413,94","129,25","9.360,59","972,75"
23/11/2023,"878.971,30","412,84","128,56","9.335,08","1.006,39"
22/11/2023,"838.616,60","411,75","129,44","9.309,50","984,19"
21/11/2023,"792.443,20","407,39","129,81","9.283,87","930,44"
17/11/2023,"645.079,60","406,31","129,25","9.181,57","872,61"
16/11/2023,"602.278,20","405,23","129,88","9.155,99","857,14"
15/11/2023,"629.361,50","403,67","128,25","9.130,44","882,35"
14/11/2023,"634.516,30","402,12","128,31","9.104,90","868,42"
13/11/2023,"636.964,30","397,49","130,31","9.079,36","870,63"
10/11/2023,"660.274,70","395,96","129,81","9.002,89","881,71"
9/11/2023,"623.995,60","394,44","129,00","8.977,42","863,30"
8/11/2023,"584.969,70","392,92","129,75","8.951,97","840,97"
7/11/2023,"611.207,40","386,91","129,63","8.926,58","848,80"
3/11/2023,"637.284,10","385,42","129,88","8.825,29","844,01"
2/11/2023,"654.094,90","383,93","128,44","8.800,14","863,64"
1/11/2023,"616.255,40","382,46","129,38","8.775,07","840,28"
31/10/2023,"579.150,00","380,98","128,56","8.751,83","852,85"
30/10/2023,"591.691,80","376,60","128,69","8.728,55","859,75"
27/10/2023,"655.565,20","375,15","128,88","8.659,00","818,69"
26/10/2023,"673.102,80","373,71","128,19","8.635,82","855,48"
25/10/2023,"686.238,20","372,27","128,25","8.612,58","872,31"
24/10/2023,"654.136,40","370,84","127,50","8.589,35","843,82"
23/10/2023,"701.205,20","366,57","128,50","8.566,09","899,33"
20/10/2023,"800.804,80","365,16","128,81","8.496,82","898,91"
19/10/2023,"764.079,40","363,75","128,69","8.473,61","888,60"
18/10/2023,"798.907,30","362,35","129,38","8.450,34","884,74"
17/10/2023,"823.683,10","355,39","129,63","8.426,99","884,82"
12/10/2023,"760.673,80","354,01","114,06","8.320,68","870,46"
11/10/2023,"716.543,70","352,63","114,75","8.299,35","854,74"
10/10/2023,"697.833,70","351,26","113,56","8.278,01","844,81"
9/10/2023,"648.630,76","347,18","114,44","8.256,67","840,01"
6/10/2023,"628.917,80","345,83","114,00","8.192,77","812,75"
5/10/2023,"613.071,60","344,48","114,00","8.171,45","784,83"
4/10/2023,"593.739,90","343,14","114,50","8.150,14","747,68"
3/10/2023,"561.427,00","341,81","112,81","8.128,80","720,62"
2/10/2023,"556.828,00","337,84","114,44","8.107,80","709,83"
29/9/2023,"562.568,50","336,52","113,88","8.047,53","701,01"
28/9/2023,"581.468,90","335,21","113,19","8.027,43","694,89"
27/9/2023,"557.023,40","333,91","113,81","8.007,32","689,85"
26/9/2023,"543.252,10","332,61","112,44","7.987,22","685,58"
25/9/2023,"548.544,80","328,75","112,88","7.967,09","683,01"
22/9/2023,"553.392,20","327,47","113,56","7.906,73","682,08"
21/9/2023,"553.754,80","326,19","113,56","7.886,60","680,85"
20/9/2023,"562.032,60","324,93","112,63","7.866,46","679,95"
19/9/2023,"576.676,10","323,66","112,81","7.846,31","680,08"
18/9/2023,"585.204,40","319,90","113,69","7.826,17","679,36"
15/9/2023,"567.513,40","319,27","113,88","7.765,81","678,68"
14/9/2023,"571.753,30","318,64","113,75","7.745,69","677,79"
13/9/2023,"553.410,10","318,02","115,19","7.725,57","676,32"
12/9/2023,"538.084,50","317,39","114,06","7.705,45","676,46"
11/9/2023,"514.073,80","315,52","114,63","7.685,33","675,54"
8/9/2023,"532.550,40","314,90","114,25","7.625,47","673,36"
7/9/2023,"548.015,10","314,28","113,63","7.605,57","674,84"
6/9/2023,"583.982,60","313,66","113,88","7.585,76","673,47"
5/9/2023,"598.133,40","313,04","114,00","7.566,11","672,34"
4/9/2023,"633.243,30","311,20","114,56","7.546,31","672,62"
1/9/2023,"634.791,70","310,58","114,19","7.490,76","670,37"
31/8/2023,"653.602,90","309,97","113,44","7.472,93","670,83"
30/8/2023,"675.841,00","309,36","113,56","7.455,20","670,99"
29/8/2023,"683.587,70","308,75","112,50","7.437,43","671,02"
28/8/2023,"665.523,90","306,93","114,06","7.419,63","667,95"
25/8/2023,"631.166,10","306,33","113,06","7.366,65","664,97"
24/8/2023,"613.509,10","305,72","112,94","7.348,96","665,40"
23/8/2023,"615.499,30","305,12","112,94","7.331,31","661,32"
22/8/2023,"593.946,90","302,73","112,94","7.313,67","658,88"
18/8/2023,"584.293,19","302,13","112,25","7.243,22","657,48"
17/8/2023,"582.323,00","301,54","113,00","7.225,61","659,49"
16/8/2023,"563.124,70","300,94","113,69","7.208,00","651,42"
15/8/2023,"527.243,10","300,38","113,38","7.190,43","667,17"
14/8/2023,"496.114,60","298,69","95,19","7.172,79","621,14"
11/8/2023,"480.252,60","298,13","93,06","7.125,44","539,89"
10/8/2023,"470.380,50","297,57","92,69","7.109,74","529,82"
9/8/2023,"461.280,80","297,01","93,13","7.094,06","527,92"
8/8/2023,"466.194,20","296,45","91,63","7.078,40","521,92"
7/8/2023,"452.400,90","294,78","93,13","7.062,77","516,70"
4/8/2023,"451.570,60","294,23","93,25","7.016,05","514,71"
3/8/2023,"441.515,70","293,68","93,13","7.000,61","513,99"
2/8/2023,"445.226,20","293,13","93,25","6.985,21","512,54"
1/8/2023,"453.024,40","292,58","92,19","6.970,04","509,45"
31/7/2023,"457.137,80","290,93","92,88","6.955,17","509,99"
28/7/2023,"457.787,80","290,38","92,94","6.910,67","509,94"
27/7/2023,"450.210,60","289,84","91,63","6.895,88","505,75"
26/7/2023,"471.102,80","289,29","91,88","6.881,11","502,97"
25/7/2023,"471.449,40","288,75","91,94","6.866,35","495,67"
24/7/2023,"466.662,90","287,13","92,50","6.851,59","495,75"
21/7/2023,"472.973,60","286,59","92,63","6.807,40","494,69"
20/7/2023,"459.108,00","286,05","91,31","6.792,70","493,71"
19/7/2023,"453.206,90","285,51","92,00","6.778,01","490,24"
18/7/2023,"456.880,70","284,98","92,06","6.763,90","487,52"
17/7/2023,"456.842,80","283,20","93,19","6.748,66","487,68"
14/7/2023,"443.303,60","282,49","92,88","6.704,72","485,31"
13/7/2023,"451.138,60","281,78","92,94","6.690,11","487,74"
12/7/2023,"431.551,20","281,08","93,06","6.675,53","484,85"
11/7/2023,"422.765,40","280,38","92,63","6.660,97","484,06"
10/7/2023,"420.772,60","278,28","93,44","6.646,44","484,21"
7/7/2023,"423.580,40","277,58","92,69","6.602,95","484,47"
6/7/2023,"417.548,70","276,89","93,06","6.588,48","482,16"
5/7/2023,"436.732,60","276,20","93,38","6.574,03","483,40"
4/7/2023,"441.468,90","275,50","92,31","6.559,57","483,41"
3/7/2023,"436.619,00","273,44","93,31","6.545,26","483,48"
30/6/2023,"426.280,97","272,76","92,25","6.503,56","482,52"
29/6/2023,"416.466,80","272,08","92,56","6.489,61","482,65"
28/6/2023,"409.622,80","271,40","93,13","6.475,74","481,79"
27/6/2023,"416.375,90","270,72","91,63","6.461,87","479,77"
26/6/2023,"432.406,20","268,69","92,25","6.448,02","478,81"
23/6/2023,"420.736,70","268,02","91,56","6.406,46","481,00"
22/6/2023,"415.186,40","267,35","92,06","6.392,72","480,58"
21/6/2023,"429.908,60","264,02","92,81","6.378,98","478,53"
16/6/2023,"409.416,50","263,36","92,50","6.310,80","476,56"
15/6/2023,"391.831,40","262,68","92,50","6.297,21","474,59"
14/6/2023,"378.695,40","262,00","92,50","6.283,62","474,65"
13/6/2023,"381.896,10","261,32","92,00","6.270,05","473,19"
12/6/2023,"381.672,50","259,29","93,19","6.256,48","474,49"
9/6/2023,"381.763,90","258,61","92,75","6.215,77","473,50"
8/6/2023,"380.907,50","257,94","91,94","6.202,27","473,92"
7/6/2023,"380.430,90","257,27","92,38","6.188,78","472,76"
6/6/2023,"380.757,40","256,60","92,56","6.175,32","471,80"
5/6/2023,"360.825,60","254,61","93,00","6.161,93","472,29"
2/6/2023,"352.936,80","253,94","92,44","6.122,30","469,09"
1/6/2023,"353.373,60","253,28","92,94","6.109,45","467,03"
31/5/2023,"342.078,50","252,63","91,94","6.096,84","466,98"
30/5/2023,"343.391,90","251,97","92,31","6.084,26","462,32"
29/5/2023,"346.369,00","248,71","93,19","6.071,62","459,51"
24/5/2023,"341.669,30","248,07","91,50","6.008,98","459,55"
23/5/2023,"340.785,50","247,42","91,75","5.996,51","466,09"
22/5/2023,"338.978,90","245,50","92,06","5.984,04","464,27"
19/5/2023,"338.677,60","244,86","92,19","5.946,93","465,42"
18/5/2023,"331.210,60","244,22","93,13","5.934,61","473,50"
17/5/2023,"327.788,60","243,59","93,06","5.922,28","444,08"
16/5/2023,"318.792,00","242,96","92,88","5.909,96","441,93"
15/5/2023,"320.582,80","241,16","89,00","5.897,64","437,66"
12/5/2023,"321.529,60","240,57","87,88","5.862,21","434,31"
11/5/2023,"313.281,40","239,97","88,06","5.850,40","435,43"
10/5/2023,"310.497,20","239,38","88,19","5.838,56","432,43"
9/5/2023,"307.773,30","238,79","86,06","5.826,90","430,51"
8/5/2023,"304.395,90","237,02","87,88","5.815,26","430,43"
5/5/2023,"297.140,10","236,44","87,63","5.780,34","432,35"
4/5/2023,"281.752,50","235,85","87,25","5.768,96","430,19"
3/5/2023,"288.848,20","235,27","87,50","5.757,67","429,46"
2/5/2023,"295.631,00","232,96","87,50","5.746,58","428,84"
28/4/2023,"297.960,00","232,38","87,50","5.703,95","436,05"
27/4/2023,"296.808,90","231,81","76,25","5.693,35","442,23"
26/4/2023,"304.797,00","231,23","76,38","5.683,49","446,43"
25/4/2023,"303.058,40","230,66","73,94","5.673,65","447,50"
24/4/2023,"299.421,80","228,96","74,75","5.663,80","449,02"
21/4/2023,"290.890,50","228,39","73,81","5.634,32","437,75"
20/4/2023,"281.827,50","227,83","73,06","5.624,55","421,90"
19/4/2023,"275.405,90","227,27","73,00","5.614,94","409,77"
18/4/2023,"284.298,70","226,70","72,56","5.605,34","408,86"
17/4/2023,"281.295,30","225,12","73,38","5.595,73","395,45"
14/4/2023,"275.717,40","224,66","73,13","5.566,95","398,62"
13/4/2023,"270.329,00","224,20","72,81","5.557,35","388,14"
12/4/2023,"266.850,00","223,73","72,94","5.547,75","386,34"
11/4/2023,"259.963,40","223,27","72,44","5.538,15","387,00"
10/4/2023,"256.747,70","220,98","73,19","5.528,56","390,71"
5/4/2023,"252.848,70","220,53","72,56","5.481,04","396,60"
4/4/2023,"251.488,30","220,07","71,88","5.471,59","402,41"
3/4/2023,"254.696,90","218,72","72,69","5.462,27","396,94"
31/3/2023,"245.716,20","218,27","72,44","5.435,18","397,37"
30/3/2023,"251.639,10","217,82","71,94","5.426,13","391,82"
29/3/2023,"249.104,10","217,37","72,13","5.417,09","386,81"
28/3/2023,"242.386,00","216,92","72,31","5.408,06","383,55"
27/3/2023,"233.739,40","215,14","73,69","5.399,01","376,40"
23/3/2023,"219.276,70","214,70","71,06","5.362,85","375,72"
22/3/2023,"224.914,60","214,25","71,38","5.353,81","387,10"
21/3/2023,"228.790,20","213,81","71,56","5.344,77","385,98"
20/3/2023,"221.059,10","212,49","72,00","5.335,72","387,63"
17/3/2023,"221.740,30","212,06","71,88","5.308,60","388,84"
16/3/2023,"223.388,30","211,62","70,19","5.299,56","388,76"
15/3/2023,"209.824,20","211,18","70,56","5.290,52","383,31"
14/3/2023,"220.447,00","210,74","70,06","5.281,48","377,76"
13/3/2023,"225.227,50","209,43","70,25","5.272,44","379,51"
10/3/2023,"236.419,40","208,99","69,63","5.245,32","380,64"
9/3/2023,"247.553,80","208,56","70,06","5.236,28","375,43"
8/3/2023,"250.911,80","208,13","70,31","5.227,25","372,86"
7/3/2023,"246.501,00","207,69","69,63","5.218,28","366,97"
6/3/2023,"253.018,60","206,40","70,25","5.209,31","362,42"
3/3/2023,"245.865,20","205,97","70,19","5.182,54","366,50"
2/3/2023,"242.748,90","205,54","69,75","5.173,65","364,81"
1/3/2023,"249.580,50","205,12","70,31","5.164,88","359,78"
28/2/2023,"247.459,30","204,69","69,38","5.156,29","357,47"
27/2/2023,"250.465,60","203,42","69,75","5.147,63","356,07"
24/2/2023,"248.324,70","202,99","70,06","5.121,67","356,78"
23/2/2023,"248.006,30","202,57","69,38","5.113,02","357,26"
22/2/2023,"244.719,10","200,47","70,50","5.104,37","356,45"
17/2/2023,"248.979,40","200,06","69,69","5.061,14","355,59"
16/2/2023,"257.247,20","199,64","69,75","5.052,31","357,61"
15/2/2023,"254.969,80","199,32","69,69","5.043,68","356,23"
14/2/2023,"258.463,50","199,00","69,44","5.035,04","355,28"
13/2/2023,"257.625,80","198,05","70,81","5.026,41","355,27"
10/2/2023,"249.897,50","197,73","70,25","5.000,60","354,15"
9/2/2023,"248.238,60","197,41","69,88","4.991,99","354,36"
8/2/2023,"250.125,40","197,09","69,50","4.983,39","354,95"
7/2/2023,"246.804,20","196,78","69,31","4.974,79","353,20"
6/2/2023,"243.607,60","195,83","70,06","4.966,22","353,94"
3/2/2023,"239.370,00","195,52","69,50","4.940,76","357,36"
2/2/2023,"248.854,60","195,21","69,19","4.932,38","354,75"
1/2/2023,"251.062,10","194,89","69,81","4.923,97","353,70"
31/1/2023,"253.548,50","194,58","69,38","4.915,64","354,81"
30/1/2023,"245.875,10","193,65","70,25","4.907,31","353,93"
27/1/2023,"254.295,40","193,34","68,38","4.882,69","352,78"
26/1/2023,"261.498,80","193,03","69,19","4.874,13","352,22"
25/1/2023,"260.073,60","192,72","70,13","4.865,57","351,98"
24/1/2023,"252.107,90","192,41","69,06","4.857,05","353,85"
23/1/2023,"250.362,30","191,48","70,50","4.848,69","352,21"
20/1/2023,"247.680,00","191,18","69,06","4.824,65","352,52"
19/1/2023,"235.179,80","190,87","69,19","4.816,57","332,83"
18/1/2023,"235.372,40","190,56","69,25","4.808,52","340,30"
17/1/2023,"260.750,00","190,26","69,56","4.800,49","341,89"
16/1/2023,"250.556,00","189,37","70,00","4.792,47","344,03"
13/1/2023,"242.154,50","189,08","69,75","4.768,59","340,23"
12/1/2023,"234.153,70","188,78","69,94","4.760,72","342,38"
11/1/2023,"224.627,50","188,49","70,19","4.752,85","327,70"
10/1/2023,"215.811,00","188,20","68,81","4.744,99","325,87"
9/1/2023,"215.724,70","187,33","69,31","4.737,12","327,17"
6/1/2023,"213.794,30","187,04","69,31","4.713,64","329,91"
5/1/2023,"209.646,00","186,76","69,38","4.705,85","332,67"
4/1/2023,"201.060,60","186,47","69,81","4.698,05","334,93"
3/1/2023,"198.360,50","186,18","68,50","4.690,30","330,70"
2/1/2023,"207.054,30","185,32","69,38","4.682,67","329,21"
30/12/2022,"202.085,10","185,03","69,38","4.659,83","327,94"
29/12/2022,"199.360,70","184,75","68,81","4.652,17","334,36"
28/12/2022,"202.560,20","184,46","69,25","4.644,50","331,63"
27/12/2022,"195.542,80","184,18","68,50","4.636,77","335,39"
26/12/2022,"192.477,40","183,33","69,50","4.629,02","327,62"
23/12/2022,"187.784,00","183,05","69,25","4.605,88","325,71"
22/12/2022,"182.459,80","182,76","69,69","4.598,17","324,25"
21/12/2022,"179.851,90","182,48","68,88","4.590,46","322,87"
20/12/2022,"172.335,90","182,20","69,06","4.582,78","325,01"
19/12/2022,"168.965,80","181,36","69,38","4.575,12","320,89"
16/12/2022,"165.109,60","181,08","69,56","4.552,10","320,10"
15/12/2022,"164.733,20","180,71","68,94","4.544,50","320,10"
14/12/2022,"164.216,70","180,34","69,50","4.536,91","322,70"
13/12/2022,"165.500,40","179,98","69,56","4.529,32","323,36"
12/12/2022,"166.466,50","178,15","70,25","4.521,74","322,35"
7/12/2022,"171.177,90","177,79","69,38","4.483,89","328,98"
6/12/2022,"168.090,10","177,43","69,13","4.476,43","328,88"
5/12/2022,"164.467,30","176,35","69,94","4.469,00","319,11"
2/12/2022,"169.691,74","175,99","69,00","4.446,89","318,67"
1/12/2022,"170.604,30","175,63","69,06","4.439,58","318,57"
30/11/2022,"168.525,29","175,28","69,50","4.432,30","312,51"
29/11/2022,"168.194,57","174,92","68,31","4.425,02","313,45"
28/11/2022,"164.277,80","173,85","69,31","4.417,73","314,02"
25/11/2022,"163.716,90","173,50","69,19","4.395,92","316,07"
24/11/2022,"160.936,40","173,15","68,38","4.388,66","319,30"
23/11/2022,"158.563,50","172,79","69,25","4.381,42","311,81"
22/11/2022,"158.169,30","171,39","69,63","4.374,19","312,80"
18/11/2022,"157.253,60","171,04","68,56","4.345,33","313,58"
17/11/2022,"155.259,30","170,70","68,69","4.338,11","313,87"
16/11/2022,"154.108,80","170,35","69,25","4.330,92","308,98"
15/11/2022,"155.159,00","170,02","68,63","4.323,72","302,06"
14/11/2022,"152.685,40","169,03","69,69","4.316,53","299,79"
11/11/2022,"150.413,40","168,70","70,00","4.295,21","296,95"
10/11/2022,"144.879,10","168,38","70,13","4.288,11","296,78"
9/11/2022,"143.091,50","168,05","68,44","4.281,02","293,81"
8/11/2022,"147.924,00","167,72","69,06",#N/A,"291,47"
7/11/2022,"147.829,60","166,75","69,44","4.266,90","289,32"
4/11/2022,"151.263,30","166,43","69,63","4.245,98","290,97"
3/11/2022,"150.451,00","166,10","68,75","4.239,09","292,92"
2/11/2022,"149.309,40","165,78","69,81","4.232,19","291,17"
1/11/2022,"153.002,10","165,46","69,13","4.225,31","292,84"
31/10/2022,"149.938,30","164,50","69,50","4.218,43","293,56"
28/10/2022,"147.845,40","164,18","68,81","4.197,90","295,07"
27/10/2022,"148.109,60","163,86","68,94","4.191,07","294,65"
26/10/2022,"145.028,50","163,55","69,25","4.184,27","292,28"
25/10/2022,"143.959,40","163,23","68,25","4.177,45","293,63"
24/10/2022,"139.733,40","162,28","69,13","4.170,65","292,26"
21/10/2022,"138.944,80","161,97","69,13","4.150,47","290,63"
20/10/2022,"136.138,80","161,65","68,63","4.143,77","290,87"
19/10/2022,"136.484,20","161,34","68,69","4.137,11","292,41"
18/10/2022,"137.542,20","161,03","68,25","4.130,45","293,33"
17/10/2022,"138.953,50","160,04","69,44","4.123,81","296,22"
14/10/2022,"137.290,70","159,68","68,75","4.103,96","299,04"
13/10/2022,"140.763,80","159,32","69,38","4.097,35","299,42"
12/10/2022,"136.396,40","158,96","69,56","4.090,77","294,91"
11/10/2022,"136.982,40","157,18","69,81","4.084,27","288,15"
6/10/2022,"144.645,30","156,83","68,63","4.052,08","293,25"
5/10/2022,"146.722,90","156,47","69,50","4.045,68","297,50"
4/10/2022,"144.926,60","156,12","68,75",#N/A,"299,77"
3/10/2022,"145.063,00","155,07","69,81","4.033,01","297,97"
30/9/2022,"139.115,10","154,72","69,13","4.014,09","302,48"
29/9/2022,"138.004,50","154,37","69,13","4.007,79","295,83"
28/9/2022,"138.023,40","154,02","69,00","4.001,50","297,99"
27/9/2022,"135.472,70","153,68","68,25","3.995,23","296,78"
26/9/2022,"138.148,30","152,64","69,25","3.988,98","298,25"
23/9/2022,"142.931,70","152,30","68,75","3.970,28","301,82"
22/9/2022,"149.480,80","151,95","68,63","3.964,07","302,19"
21/9/2022,"146.980,10","151,61","69,69","3.957,87","297,91"
20/9/2022,"147.929,80","151,27","68,69","3.951,81","295,10"
19/9/2022,"150.262,10","150,25","68,69","3.945,75","297,11"
16/9/2022,"145.741,80","149,91","68,19","3.927,73","294,19"
15/9/2022,"144.765,50","149,56","64,06","3.922,06","289,66"
14/9/2022,"146.750,00","149,22","63,88","3.916,40","275,45"
13/9/2022,"142.941,60","148,88","63,94","3.910,74","269,90"
12/9/2022,"144.714,10","147,85","64,19","3.905,10","269,39"
9/9/2022,"144.642,20","147,51","63,69","3.888,50","269,56"
8/9/2022,"141.509,30","147,17","63,56","3.882,96","273,02"
7/9/2022,"141.001,50","146,83","63,81","3.877,42","271,03"
6/9/2022,"137.309,30","146,50","62,94","3.871,91","270,34"
5/9/2022,"138.268,00","145,49","64,19",#N/A,"271,19"
2/9/2022,"136.340,30","145,15",#N/A,#N/A,"278,73"
1/9/2022,"136.302,10","144,82","64,63","3.847,36","278,73"
31/8/2022,"136.241,00","144,49","63,88","3.838,28","283,08"
30/8/2022,"141.133,60","144,15","63,25","3.832,99","283,83"
29/8/2022,"143.805,20","143,16","63,63","3.827,71","281,78"
26/8/2022,"141.460,00","142,83","63,44","3.811,99","282,57"
25/8/2022,"142.777,60","142,50","63,31","3.806,82","286,60"
24/8/2022,"140.246,00","142,18","63,38",#N/A,"286,60"
23/8/2022,"136.997,70","141,85","63,06","3.796,52","288,15"
22/8/2022,"132.252,60","140,87","64,13","3.791,39","287,88"
19/8/2022,"131.009,10","140,55","62,75","3.776,17","292,03"
18/8/2022,"131.490,90","140,23","63,38","3.771,11","288,13"
17/8/2022,"125.962,90","139,90","63,50","3.766,10","281,37"
16/8/2022,"124.787,30","138,88","63,75","3.761,13","275,78"
12/8/2022,"125.979,60","138,65","63,50","3.741,75","279,12"
11/8/2022,"123.333,93","138,42","56,56","3.737,14","279,36"
10/8/2022,"122.129,90","138,19","56,19","3.732,83","284,59"
9/8/2022,"121.920,80","137,96","55,75","3.728,54","279,20"
8/8/2022,"123.953,40","137,27","56,56","3.724,26","278,94"
5/8/2022,"121.003,90","137,05","56,31","3.711,51","278,78"
4/8/2022,"120.437,20","136,82","56,19","3.707,33","284,47"
3/8/2022,"120.389,90","136,59","56,38","3.703,18","281,02"
2/8/2022,"118.691,20","136,36","55,38","3.699,06","276,66"
1/8/2022,"117.586,80","135,68","56,50","3.694,93","272,48"
29/7/2022,"122.528,30","135,46","55,63","3.682,74","276,71"
28/7/2022,"127.400,00","135,23","51,00","3.678,69","298,16"
27/7/2022,"126.362,00","135,01","50,88","3.674,77","323,77"
26/7/2022,"120.038,40","134,78","50,50","3.670,84","324,88"
25/7/2022,"119.508,30","134,11","50,69","3.666,92","319,72"
22/7/2022,"113.851,40","133,89","50,75","3.655,17","315,50"
21/7/2022,"112.017,00","133,66","51,00","3.651,26","326,09"
20/7/2022,"106.949,10","133,44","50,56","3.647,36","303,44"
19/7/2022,"107.185,40","133,22","50,75","3.643,45","297,84"
18/7/2022,"105.441,20","132,56","50,81","3.639,58","295,24"
15/7/2022,"104.222,90","132,34","50,88","3.628,24","292,50"
14/7/2022,"100.518,40","132,12","51,00","3.624,51","284,28"
13/7/2022,"102.271,00","131,90","50,88","3.620,81","280,06"
12/7/2022,"103.209,80","131,68","50,75","3.617,13","279,40"
11/7/2022,"104.431,90","131,03","51,00","3.613,48","285,69"
8/7/2022,"105.850,00","130,81","51,00","3.602,46","289,29"
7/7/2022,"102.265,40","130,59","50,81","3.598,78","284,32"
6/7/2022,"95.075,87","130,38","51,06","3.594,98","270,17"
5/7/2022,"92.689,47","130,16","50,75","3.591,16","265,28"
4/7/2022,"89.128,79","129,51","50,88","3.587,31","272,39"
1/7/2022,"90.050,77","129,30","50,94","3.575,91","247,90"
30/6/2022,"88.449,89","129,08","50,63","3.572,11","249,59"
29/6/2022,"88.130,75","128,87","50,75","3.568,30","245,67"
28/6/2022,"88.194,70","128,66","50,56","3.564,51","243,07"
27/6/2022,"85.712,27","128,02","50,81","3.560,72","241,71"
24/6/2022,"82.605,64","127,81","50,50","3.549,45","230,87"
23/6/2022,"83.170,05","127,60","50,75","3.545,73","232,23"
22/6/2022,"85.662,48","127,38","50,69","3.542,02","227,94"
21/6/2022,"86.545,91","126,33","50,81","3.538,35","233,42"
16/6/2022,"87.060,90","126,12","46,69","3.520,29","235,09"
15/6/2022,"88.465,55","125,89","46,50","3.516,67","229,83"
14/6/2022,"87.400,00","125,65","46,31","3.513,09","231,96"
13/6/2022,"87.937,89","124,94","46,63","3.509,53","227,37"
10/6/2022,"89.141,39","124,71","46,56","3.498,86","223,20"
9/6/2022,"88.869,78","124,47","46,50","3.495,30","217,32"
8/6/2022,"89.946,88","124,24","46,63","3.491,75","209,15"
7/6/2022,"90.938,11","124,01","46,56","3.488,22","208,68"
6/6/2022,"90.351,73","123,31","46,63","3.484,70","208,84"
3/6/2022,"91.775,17","123,08","46,44","3.474,20","207,75"
2/6/2022,"91.452,04","122,85","46,50","3.470,72","206,87"
1/6/2022,"91.369,58","122,62","46,69","3.467,26","208,56"
31/5/2022,"92.288,03","122,39","45,81","3.463,79","207,35"
30/5/2022,"93.236,23","121,70","46,50","3.460,33","210,95"
27/5/2022,"93.683,29","121,47","46,44","3.450,04","210,35"
26/5/2022,"93.710,99","121,01","46,50","3.446,63","211,41"
24/5/2022,"91.271,67","120,79","46,38","3.439,82","211,75"
23/5/2022,"90.344,05","120,11","46,44","3.436,42","210,61"
20/5/2022,"88.118,96","119,88","46,38","3.426,29","209,56"
19/5/2022,"88.634,32","119,43","46,56","3.422,97","207,88"
17/5/2022,"90.803,43","119,21","46,50","3.416,30","209,31"
16/5/2022,"89.964,80","118,47","45,69","3.412,99","210,79"
13/5/2022,"88.795,77","118,21","46,38","3.403,13","210,92"
12/5/2022,"85.520,83","117,96","44,56","3.399,89","207,10"
11/5/2022,"85.762,84","117,70","44,63","3.396,65","207,08"
10/5/2022,"83.676,74","117,45","44,38","3.393,44","207,79"
9/5/2022,"82.243,55","116,69","44,63","3.390,25","206,52"
6/5/2022,"86.507,22","116,44","44,56","3.380,62","208,49"
5/5/2022,"86.434,09","116,19","44,63","3.377,44","205,39"
4/5/2022,"89.401,35","115,94","44,44","3.374,27","203,57"
3/5/2022,"89.585,33","115,69","44,44","3.371,13","207,49"
2/5/2022,"87.608,13","114,94","44,63","3.367,99","209,38"
29/4/2022,"88.250,97","114,69","44,38","3.358,53","205,99"
28/4/2022,"90.354,23","114,44","44,50","3.355,39","203,99"
27/4/2022,"90.033,25","114,20","44,56","3.352,24","208,33"
26/4/2022,"89.574,68","113,95","44,63","3.349,11","212,07"
25/4/2022,"91.154,73","113,21","44,44","3.345,99","207,96"
22/4/2022,"91.717,07","112,97","44,31","3.336,64","208,27"
21/4/2022,"91.496,13","112,72","44,38","3.333,55","203,97"
20/4/2022,"92.559,34","112,48","44,31","3.330,47","195,24"
19/4/2022,"92.038,35","112,24","44,25","3.327,42","191,69"
18/4/2022,"91.239,23","111,18","44,56","3.324,40","189,30"
13/4/2022,"91.041,37","111,02","41,88","3.309,68","191,33"
12/4/2022,"90.345,87","110,85","41,88","3.306,73","191,67"
11/4/2022,"90.629,89","110,36","42,00","3.303,83","191,31"
8/4/2022,"92.091,48","110,20","41,94","3.295,23","191,15"
7/4/2022,"91.558,17","110,04","41,94","3.292,39","192,32"
6/4/2022,"90.973,02","109,87","42,13","3.289,55","189,92"
5/4/2022,"91.814,30","109,71","42,13","3.286,73","190,17"
4/4/2022,"93.218,66","109,22","42,00","3.283,91","190,88"
1/4/2022,"92.390,98","109,06","42,00","3.275,44","189,75"
31/3/2022,"90.959,59","108,90","41,81","3.272,62","190,56"
30/3/2022,"90.867,58","108,74","42,00","3.269,80","192,52"
29/3/2022,"89.967,25","108,58","41,94","3.266,99","191,99"
28/3/2022,"91.662,95","108,10","42,00","3.264,19","196,27"
25/3/2022,"93.010,43","107,78","41,94","3.255,81","200,31"
23/3/2022,"90.106,60","107,62","41,75","3.250,27","200,72"
22/3/2022,"90.170,10","107,46","39,88","3.247,55","199,82"
21/3/2022,"90.041,05","106,98","40,00","3.244,84","197,90"
18/3/2022,"89.057,56","106,82","40,06","3.236,71","195,17"
17/3/2022,"89.645,88","106,66","40,19","3.234,02","195,33"
16/3/2022,"87.450,87","106,51","40,06","3.231,31","193,93"
15/3/2022,"84.054,72","106,36","40,00","3.228,61","188,06"
14/3/2022,"84.955,90","105,93","39,88","3.225,92","185,60"
11/3/2022,"88.999,06","105,78","39,94","3.217,88","187,41"
10/3/2022,"90.283,10","105,64","40,06","3.215,20",#N/A
9/3/2022,"87.226,45","105,49","39,88","3.212,54",#N/A
8/3/2022,"88.061,14","105,35","40,00","3.209,92",#N/A
7/3/2022,"87.948,21","104,92","40,06","3.207,22","197,28"
4/3/2022,"89.515,44","104,77","39,75","3.199,33","197,60"
3/3/2022,"91.558,05","104,63","40,06","3.196,71","196,82"
2/3/2022,"90.248,93","103,92","40,13","3.194,10","196,84"
25/2/2022,"87.969,87","103,78","39,94","3.181,01","195,31"
24/2/2022,"88.721,46","103,64","39,94","3.178,38","197,19"
23/2/2022,"91.359,52","103,49","40,06","3.175,74","196,81"
22/2/2022,"90.440,55","103,35","40,06","3.173,12","196,05"
21/2/2022,"90.029,49","102,93","39,88","3.170,50","201,12"
18/2/2022,"89.443,19","102,79","39,94","3.162,74","199,72"
17/2/2022,"89.977,89","102,65","37,63","3.160,17","203,03"
16/2/2022,"90.577,55","102,51","37,69","3.157,61","203,93"
15/2/2022,"88.042,62","102,39","37,63","3.155,06","205,49"
14/2/2022,"87.803,68","102,02","37,50","3.152,51","207,41"
11/2/2022,"88.184,98","101,89","37,56","3.144,78","207,59"
10/2/2022,"87.559,37","101,77","37,50","3.142,28","207,15"
9/2/2022,"87.393,09","101,65","37,69","3.139,78","204,97"
8/2/2022,"88.149,17","101,53","37,44","3.137,28","207,90"
7/2/2022,"89.189,09","101,16","37,38","3.134,78","210,22"
4/2/2022,"87.934,02","101,04","37,56","3.127,39","212,23"
3/2/2022,"88.091,27","100,92","37,56","3.124,91","211,71"
2/2/2022,"89.662,66","100,80","37,56",#N/A,"210,88"
1/2/2022,"91.416,55","100,68","37,50","3.119,95","214,63"
31/1/2022,"90.907,52","100,31","37,63","3.117,47","213,48"
28/1/2022,"88.269,84","100,19","37,75","3.110,04","217,17"
27/1/2022,"85.968,77","100,07","37,56","3.107,56","222,05"
26/1/2022,"85.782,14","99,95","37,56","3.105,07","219,33"
25/1/2022,"85.180,43","99,83","37,63","3.102,59","218,12"
24/1/2022,"81.004,41","99,47","37,63","3.100,10","216,75"
21/1/2022,"83.622,48","99,35","37,50","3.092,67","214,25"
20/1/2022,"85.126,38","99,23","37,63","3.090,20","212,09"
19/1/2022,"83.528,23","99,11","37,56","3.087,73","206,43"
18/1/2022,"83.350,61","98,99","37,50","3.085,27","203,35"
17/1/2022,"85.038,79","98,68","37,75","3.082,80","203,83"
14/1/2022,"85.481,07","98,60","37,63","3.075,41","201,13"
13/1/2022,"85.370,86","98,52","37,44","3.072,93","201,34"
12/1/2022,"85.100,27","98,44","37,44","3.070,47","202,09"
11/1/2022,"84.702,31","98,36","37,38","3.068,03","202,07"
10/1/2022,"83.746,30","98,13","37,63","3.065,58","205,33"
7/1/2022,"84.402,07","98,05","37,38","3.058,28","203,05"
6/1/2022,"83.761,35","97,97","34,19","3.055,86","203,05"
5/1/2022,"83.835,72","97,89","34,25","3.053,43","199,15"
4/1/2022,"85.285,98","97,82","34,25","3.051,01","196,39"
3/1/2022,"85.579,11","97,58","34,19","3.048,60","197,52"
30/12/2021,"83.500,11","97,43","34,13","3.038,99","197,19"
29/12/2021,"84.006,50","97,35","34,19","3.036,58","194,40"
28/12/2021,"82.783,68","97,27","34,25","3.034,19","193,26"
27/12/2021,"84.581,25","97,04","34,25","3.031,77","193,20"
23/12/2021,"84.850,30","96,89","34,25","3.022,12",#N/A
22/12/2021,"83.651,80","96,81","34,19","3.019,70",#N/A
21/12/2021,"84.137,68","96,73","34,25","3.017,28","201,01"
20/12/2021,"81.908,15","96,50","34,25","3.014,87","199,94"
17/12/2021,"83.234,04","96,42","34,25","3.007,75","197,79"
16/12/2021,"82.995,23","96,35","34,19","3.005,37","194,53"
15/12/2021,"80.939,44","96,24","34,19","3.003,01","191,66"
14/12/2021,"82.178,84","96,13","34,31","3.000,66","193,35"
13/12/2021,"81.947,66","95,80","34,13","2.998,31","195,41"
10/12/2021,"85.441,38","95,69","34,19","2.991,26","196,99"
9/12/2021,"86.544,92","95,47","34,25","2.988,92","196,79"
7/12/2021,"89.242,77","95,36","34,13","2.984,24","200,60"
6/12/2021,"88.287,43","95,03","34,25","2.981,91","203,46"
3/12/2021,"86.359,77","94,92","34,13","2.974,88","204,55"
2/12/2021,"87.451,27","94,81","34,06","2.972,55","204,21"
1/12/2021,"85.164,78","94,70","34,19","2.970,22","203,48"
30/11/2021,"79.315,79","94,60","34,13","2.967,90","201,92"
29/11/2021,"79.094,93","94,27","34,25","2.965,57","198,73"
26/11/2021,"80.369,02","94,16","34,13","2.958,60","201,17"
25/11/2021,"84.956,92","94,06","34,13","2.956,28","202,07"
24/11/2021,"83.481,20","93,95","34,19","2.953,95","204,95"
23/11/2021,"83.770,51","93,52","34,19","2.951,63","205,72"
19/11/2021,"85.695,15","93,41","34,19","2.942,35","205,58"
18/11/2021,"89.512,44","93,30","34,25","2.940,03","203,79"
17/11/2021,"87.541,77","93,20","34,19","2.937,70","201,43"
16/11/2021,"89.674,15","93,09","34,25","2.935,36","199,57"
15/11/2021,"92.999,37","92,78","34,13","2.933,02","197,60"
12/11/2021,"94.963,42","92,68","34,13","2.926,03","198,50"
11/11/2021,"95.943,84","92,57","34,00","2.923,69","198,93"
10/11/2021,"95.130,59","92,47","34,19","2.921,36","198,91"
9/11/2021,"94.381,35","92,37","34,19","2.919,03","200,27"
8/11/2021,"96.044,88","92,06","34,25","2.916,71","202,60"
5/11/2021,"92.895,88","91,96","34,25","2.909,77","205,23"
4/11/2021,"91.258,15","91,86","34,19","2.907,44","201,64"
3/11/2021,"92.095,02","91,76","34,13","2.905,12","204,51"
2/11/2021,"89.273,05","91,65","34,13","2.902,83","206,18"
1/11/2021,"87.460,35","91,35","34,25","2.900,54","204,59"
29/10/2021,"83.560,96","91,25","34,13",#N/A,"198,47"
28/10/2021,"86.034,23","91,15","34,13","2.891,35","193,70"
27/10/2021,"85.353,13","91,05","34,13","2.889,05","193,73"
26/10/2021,"88.907,82","90,95","34,13","2.886,73","191,64"
25/10/2021,"89.391,76","90,64","34,13","2.884,40","190,21"
22/10/2021,"86.898,52","90,54","34,25","2.877,45","188,86"
21/10/2021,"86.795,26","90,44","34,19","2.875,13","188,58"
20/10/2021,"87.055,66","90,34","34,13","2.872,81","187,81"
19/10/2021,"84.307,98","90,24","34,13","2.870,49","189,48"
18/10/2021,"82.859,69","89,94","34,19","2.868,17","187,57"
15/10/2021,"81.990,22","89,87","34,06","2.861,21","187,28"
14/10/2021,"80.138,02","89,79","34,06","2.858,89","185,65"
13/10/2021,"78.427,93","89,72","34,19","2.856,57","184,12"
12/10/2021,"77.927,87","89,35","34,13","2.854,25","181,62"
7/10/2021,"77.553,31","89,28","34,13","2.842,68","182,66"
6/10/2021,"77.443,10","89,20","34,25","2.840,36","181,28"
5/10/2021,"78.191,50","89,13","34,06","2.838,06","177,16"
4/10/2021,"77.578,90","88,91","34,13","2.835,77","177,65"
1/10/2021,"77.626,16","88,84","34,19","2.828,90","178,34"
30/9/2021,"77.363,64","88,76","34,19","2.826,62","176,63"
29/9/2021,"76.589,27","88,69","34,19","2.824,33","179,45"
28/9/2021,"75.808,43","88,62","34,13","2.822,05","180,05"
27/9/2021,"75.687,52","88,40","34,13","2.819,76","179,94"
24/9/2021,"74.180,20","88,33","34,13","2.812,91","179,92"
23/9/2021,"74.743,42","88,25","34,25","2.810,64","179,92"
22/9/2021,"74.750,23","88,18","34,19","2.808,36","177,41"
21/9/2021,"73.918,62","88,11","34,13","2.806,09","176,84"
20/9/2021,"73.635,15","87,89","34,19","2.803,81","176,45"
17/9/2021,"78.512,09","87,82","34,13","2.796,96","175,40"
16/9/2021,"79.738,13","87,75","34,25","2.794,68","173,80"
15/9/2021,"78.488,50","87,66","34,06","2.792,40","173,19"
14/9/2021,"78.989,23","87,58","33,94","2.790,12","173,24"
13/9/2021,"80.065,91","87,33","34,19","2.787,84","172,65"
10/9/2021,"75.895,02","87,25","34,06","2.781,00","177,72"
9/9/2021,"77.127,01","87,16","34,19","2.778,72","174,81"
8/9/2021,"77.459,00","87,08","34,25","2.776,42","173,48"
7/9/2021,"79.004,77","87,00","34,19","2.774,12","172,34"
6/9/2021,"76.002,98","86,75","34,31","2.771,83","172,26"
3/9/2021,"74.734,95","86,67","34,13","2.765,01","173,14"
2/9/2021,"75.115,05","86,58","34,13","2.762,74","172,89"
1/9/2021,"75.232,61","86,50","34,19","2.760,49","172,00"
31/8/2021,"76.451,68","86,42","34,19","2.758,23","171,35"
30/8/2021,"76.329,42","86,17","34,19","2.755,98","170,77"
27/8/2021,"73.203,63","86,09","34,13","2.749,19","172,27"
26/8/2021,"71.550,54","86,01","34,13","2.746,94","172,26"
25/8/2021,"72.009,09","85,93","34,19","2.744,69","170,93"
24/8/2021,"71.353,80","85,84","34,13","2.742,45","170,12"
23/8/2021,"69.050,34","85,60","34,19","2.740,20","170,45"
20/8/2021,"67.822,20","85,52","34,06","2.733,47","173,99"
19/8/2021,"66.681,73","85,44","34,19","2.731,23","173,96"
18/8/2021,"67.094,33","85,35","34,06","2.728,99","172,09"
17/8/2021,"67.999,04","85,02","34,25","2.726,75","170,23"
13/8/2021,"69.544,77","84,93","34,13","2.717,78","170,36"
12/8/2021,"69.492,58","84,85","34,19","2.715,55","169,55"
11/8/2021,"69.475,20","84,76","34,06","2.713,31","170,70"
10/8/2021,"68.023,12","84,67","34,19","2.711,07","169,17"
9/8/2021,"66.096,38","84,42","34,25","2.708,81","170,18"
6/8/2021,"65.860,91","84,33","34,25","2.702,13","170,61"
5/8/2021,"66.136,51","84,25","34,19","2.699,90","171,06"
4/8/2021,"65.088,13","84,16","34,00","2.697,68","170,12"
3/8/2021,"65.873,55","84,07","34,19","2.695,47","170,23"
2/8/2021,"65.939,58","83,82","34,19","2.693,27","169,87"
30/7/2021,"66.005,29","83,73","34,13","2.686,65","170,02"
29/7/2021,"67.315,59","83,65","34,13","2.684,47","169,80"
28/7/2021,"66.553,45","83,56","34,13","2.682,29","168,91"
27/7/2021,"65.688,30","83,48","34,19","2.680,10","170,15"
26/7/2021,"65.530,88","83,22","34,19","2.677,91","170,49"
23/7/2021,"64.841,23","83,14","34,13","2.671,35","169,06"
22/7/2021,"65.675,09","83,06","34,06","2.669,16","169,26"
21/7/2021,"65.832,21","82,97","34,19","2.666,97","168,90"
20/7/2021,"63.391,65","82,89","34,19","2.664,79","168,64"
19/7/2021,"62.133,15","82,63","34,13","2.662,60","167,76"
16/7/2021,"63.090,80","82,55","34,06","2.656,04","166,31"
15/7/2021,"63.484,55","82,46","34,19","2.653,86","166,71"
14/7/2021,"63.959,30","82,37","34,13","2.651,67","165,73"
13/7/2021,"64.374,74","82,28","33,88","2.649,48","165,73"
12/7/2021,"64.215,26","81,93","34,13","2.647,30","166,31"
8/7/2021,"62.371,57","81,84","34,19","2.638,61","167,57"
7/7/2021,"63.383,23","81,75","34,25","2.636,44","168,63"
6/7/2021,"63.562,99","81,66","34,19","2.634,27","168,53"
5/7/2021,"64.848,56","81,40","34,00","2.632,10","167,02"
2/7/2021,"63.330,37","81,31","34,19","2.625,63","167,79"
1/7/2021,"62.059,97","81,22","34,13","2.623,49","166,36"
30/6/2021,"62.371,95","81,13","34,13","2.621,34","164,82"
29/6/2021,"62.972,04","81,05","34,06","2.619,20","164,47"
28/6/2021,"64.150,87","80,78","34,13","2.617,05","164,14"
25/6/2021,"65.133,46","80,70","34,13","2.610,69","165,53"
24/6/2021,"66.933,06","80,61","34,06","2.608,58","162,94"
23/6/2021,"66.089,94","80,52","34,19","2.606,48","162,26"
22/6/2021,"65.901,63","80,17","34,13","2.604,36","161,51"
18/6/2021,"65.136,00","80,09","34,19","2.595,96","160,80"
17/6/2021,"66.440,20","80,00","34,00","2.593,86","160,92"
16/6/2021,"67.575,54","79,91","34,13","2.591,76","159,91"
15/6/2021,"67.005,83","79,81","34,19","2.589,66","158,81"
14/6/2021,"66.836,84","79,50","34,13","2.587,56","157,71"
11/6/2021,"66.093,97","79,40","34,13","2.581,26","158,18"
10/6/2021,"68.144,63","79,29","34,25","2.579,16","159,21"
9/6/2021,"68.104,99","79,19","34,00","2.577,06","159,75"
8/6/2021,"66.390,28","79,09","34,19","2.574,96","160,29"
7/6/2021,"68.151,14","78,78","34,25","2.572,87","161,40"
4/6/2021,"66.190,06","78,68","33,88","2.566,59","160,79"
3/6/2021,"64.303,05","78,58","34,13","2.564,51","161,99"
2/6/2021,"62.659,50","78,48","34,19","2.562,42","162,16"
1/6/2021,"61.095,96","78,37","34,06","2.560,34","161,08"
31/5/2021,"59.268,94","78,07","34,13","2.558,27","160,65"
28/5/2021,"59.212,96","77,97","34,06","2.552,06","159,90"
27/5/2021,"57.499,49","77,87","34,13","2.550,01","159,07"
26/5/2021,"56.598,95","77,37","34,19","2.547,97","158,40"
21/5/2021,"56.221,88","77,26","34,06","2.537,83","159,36"
20/5/2021,"57.109,45","77,16","34,13","2.535,80","158,33"
19/5/2021,"55.990,02","77,06","34,19","2.533,77","157,60"
18/5/2021,"56.078,55","76,97","34,19","2.531,74","154,95"
17/5/2021,"56.094,99","76,65","34,06","2.529,71","154,95"
14/5/2021,"54.850,06","76,53","34,06","2.523,64","154,55"
13/5/2021,"52.625,93","76,41","34,19","2.521,61","153,91"
12/5/2021,"51.020,21","76,29","34,19","2.519,59","153,02"
11/5/2021,"51.093,99","76,17","34,13","2.517,56","153,20"
10/5/2021,"51.750,27","75,81","34,00","2.515,52","153,76"
7/5/2021,"51.419,49","75,69","34,13","2.509,48","154,54"
6/5/2021,"49.389,34","75,58","34,13","2.507,46","154,15"
5/5/2021,"49.152,27","75,46","33,88","2.505,45","155,08"
4/5/2021,"48.655,52","75,34","34,13","2.503,44","155,09"
3/5/2021,"48.872,51","74,99","34,25","2.501,45","154,09"
30/4/2021,"49.056,10","74,87","34,06","2.495,48","152,92"
29/4/2021,"50.065,20","74,75","34,19","2.493,50","152,98"
28/4/2021,"50.043,81","74,64","33,94","2.491,51","152,87"
27/4/2021,"48.962,16","74,52","34,13","2.489,53","151,40"
26/4/2021,"47.931,27","74,17","34,06","2.487,55","150,61"
23/4/2021,"47.374,47","74,06","34,13","2.481,60","148,39"
22/4/2021,"47.122,62","73,94","34,25","2.479,62","145,50"
21/4/2021,"47.616,52","73,82","34,13","2.477,64","145,70"
20/4/2021,"46.894,48","73,71","34,06","2.475,66","146,60"
19/4/2021,"48.026,29","73,36","34,19","2.473,66","144,42"
16/4/2021,"47.664,34","73,25","34,13","2.467,73","143,72"
15/4/2021,"47.093,25","73,17","34,06","2.465,73","143,75"
14/4/2021,"47.299,02","73,08","34,00","2.463,73","143,41"
13/4/2021,"47.679,06","73,00","34,19","2.461,73","142,77"
12/4/2021,"48.109,61","72,75","34,19","2.459,75","144,27"
9/4/2021,"48.845,99","72,67","34,06","2.453,87","144,85"
8/4/2021,"49.630,56","72,58","34,06","2.451,89","144,86"
7/4/2021,"50.128,19","72,50","34,06","2.449,92","143,87"
6/4/2021,"50.328,34","72,42","34,13","2.447,96","143,84"
5/4/2021,"48.597,71","72,01","33,94","2.446,00","141,63"
31/3/2021,"47.982,39","71,92","34,06","2.436,28","141,67"
30/3/2021,"48.090,66","71,84","34,13","2.434,32","140,21"
29/3/2021,"47.240,95","71,60","33,75","2.432,36","138,85"
26/3/2021,"46.440,78","71,52","34,19","2.426,57","138,77"
25/3/2021,"46.856,41","71,35","34,00","2.424,64","141,32"
23/3/2021,"48.615,26","71,27","34,19","2.420,77","142,88"
22/3/2021,"49.185,87","71,03","34,13","2.418,83","143,14"
19/3/2021,"48.976,00","70,95","34,13","2.413,00","144,38"
18/3/2021,"48.599,26","70,87","34,06","2.411,05","145,23"
17/3/2021,"49.916,45","70,79","34,13","2.409,11","145,44"
16/3/2021,"49.646,77","70,70","34,06","2.407,16","144,93"
15/3/2021,"50.458,30","70,41","34,00","2.405,20","145,20"
12/3/2021,"49.070,98","70,31","34,19","2.399,30","145,00"
11/3/2021,"48.360,71","70,21","34,19","2.397,34","144,62"
10/3/2021,"47.339,46","70,11","34,00","2.395,37","143,36"
9/3/2021,"46.476,01","70,01","34,06","2.393,39","146,63"
8/3/2021,"46.291,77","69,72","34,19","2.391,41","146,65"
5/3/2021,"47.242,26","69,62","33,88","2.385,51","146,65"
4/3/2021,"47.808,21","69,53","33,88","2.383,53","145,70"
3/3/2021,"47.325,06","69,43","34,19","2.381,57","146,59"
2/3/2021,"48.127,32","69,33","34,06","2.379,61","146,62"
1/3/2021,"48.996,26","69,04","34,06","2.377,65","144,35"
26/2/2021,"48.432,27","68,94","33,63","2.371,78","143,24"
25/2/2021,"48.920,68","68,85","34,19","2.369,82","142,86"
24/2/2021,"49.606,66","68,75","34,19","2.367,88","141,70"
23/2/2021,"47.856,68","68,65","34,13","2.365,94","139,80"
22/2/2021,"49.268,42","68,37","34,13","2.364,00","138,08"
19/2/2021,"50.992,85","68,27","33,75","2.358,18","139,40"
18/2/2021,"51.826,91","68,18","34,25","2.356,25","141,64"
17/2/2021,"52.386,59","67,73","34,25","2.354,32","144,02"
12/2/2021,"51.466,21","67,64","34,00","2.344,64","146,48"
11/2/2021,"51.654,57","67,56","34,13","2.342,71","148,31"
10/2/2021,"51.940,91","67,47","34,19","2.340,78","150,40"
9/2/2021,"52.266,75","67,39","34,25","2.338,84","150,06"
8/2/2021,"52.028,63","67,13","34,13","2.336,91","150,95"
5/2/2021,"51.052,73","67,05","34,06","2.331,13","150,95"
4/2/2021,"50.682,71","66,96","34,19","2.329,19","150,93"
3/2/2021,"49.857,55","66,88","34,00","2.327,27","150,34"
2/2/2021,"49.686,83","66,79","34,19","2.325,34","149,75"
1/2/2021,"49.576,89","66,54","34,19","2.323,44","148,50"
29/1/2021,"48.257,14","66,45","34,19","2.317,72","148,60"
28/1/2021,"49.630,09","66,37","34,19","2.315,81","149,10"
27/1/2021,"49.970,41","66,29","34,06","2.313,91","148,50"
26/1/2021,"49.463,84","66,20","33,88","2.312,01","148,76"
25/1/2021,"47.469,96","65,95","33,81","2.310,12","147,82"
22/1/2021,"48.470,91","65,87","34,00","2.304,46","146,67"
21/1/2021,"48.472,59","65,79","34,00","2.302,58","147,49"
20/1/2021,"50.224,53","65,70","34,31","2.300,70","146,81"
19/1/2021,"50.516,59","65,62","34,19","2.298,83","146,91"
18/1/2021,"50.220,22","65,37","34,19","2.296,96","146,67"
15/1/2021,"50.500,83","65,30","34,56","2.291,34","147,97"
14/1/2021,"51.084,99","65,24","34,38","2.289,47","146,77"
13/1/2021,"50.961,21","65,17","34,00","2.287,60","146,16"
12/1/2021,"51.201,60","65,11","34,13","2.285,73","146,34"
11/1/2021,"50.967,48","64,91","34,31","2.283,87","146,29"
8/1/2021,"51.673,77","64,84","34,13","2.278,31","147,68"
7/1/2021,"52.500,54","64,78","33,81","2.276,47","147,91"
6/1/2021,"51.880,01","64,71","33,94","2.274,64","146,03"
5/1/2021,"51.594,73","64,64","34,31","2.272,80","145,89"
4/1/2021,"50.730,86","64,38","34,06","2.270,99","144,67"
30/12/2020,"51.226,49","64,25","34,25","2.261,91","141,89"
29/12/2020,"51.320,14","64,19","34,19","2.260,11","142,02"
28/12/2020,"50.483,84","63,93","34,13","2.258,34","141,44"
23/12/2020,"51.618,98","63,80","34,06","2.249,51","141,77"
22/12/2020,"50.406,93","63,73","34,06","2.247,74","139,39"
21/12/2020,"50.159,86","63,54","34,25","2.246,00","139,85"
18/12/2020,"52.346,77","63,47","34,31","2.240,82","141,67"
17/12/2020,"53.115,58","63,41","34,19","2.239,11","140,70"
16/12/2020,"53.206,00","63,34","34,19","2.237,39","141,42"
15/12/2020,"53.280,19","63,26","34,50","2.235,68","142,40"
14/12/2020,"53.034,13","63,03","34,06","2.233,97","141,20"
11/12/2020,"53.822,44","62,95","34,13","2.228,89","140,48"
10/12/2020,"53.690,39","62,87","34,38","2.227,20","138,30"
9/12/2020,"51.956,89","62,48","34,25","2.225,53","140,25"
4/12/2020,"54.730,38","62,41","34,06","2.217,24","142,71"
3/12/2020,"55.152,30","62,33","34,19","2.215,60","140,62"
2/12/2020,"55.268,89","62,25","34,31","2.213,96","143,81"
1/12/2020,"54.913,35","62,17","34,38","2.212,35","144,79"
30/11/2020,"54.572,54","61,94","33,75","2.210,73","146,19"
27/11/2020,"55.427,27","61,86","33,75","2.205,93","147,14"
26/11/2020,"54.465,67","61,79","34,06","2.204,34","147,35"
25/11/2020,"54.150,64","61,71","33,63","2.202,75","146,45"
24/11/2020,"54.135,77","61,40","33,88","2.201,19","147,94"
20/11/2020,"51.492,34","61,33","34,06","2.194,98","147,39"
19/11/2020,"50.950,21","61,25","33,88","2.193,42","147,29"
18/11/2020,"51.295,53","61,18","33,88","2.191,88","147,19"
17/11/2020,"51.911,54","61,10","33,94","2.190,34","145,60"
16/11/2020,"51.084,91","60,92","33,88","2.188,80","144,14"
13/11/2020,"49.895,50","60,86","33,63","2.184,18","142,35"
12/11/2020,"49.553,18","60,81","31,69","2.182,67","141,30"
11/11/2020,"51.435,00","60,75","31,56","2.181,17","142,96"
10/11/2020,"51.818,96","60,70","31,81","2.179,67","144,07"
9/11/2020,"49.650,44","60,48","31,75","2.178,16","143,61"
6/11/2020,"48.492,54","60,48",#N/A,#N/A,"144,44"
5/11/2020,"48.501,09","60,43","31,81","2.172,25","144,90"
4/11/2020,"47.028,37","60,38","31,44","2.170,77","144,06"
3/11/2020,"47.965,31","60,32","31,75","2.169,29","141,31"
2/11/2020,"47.467,65","60,16","31,75","2.167,82","140,99"
30/10/2020,"45.290,02","60,11","31,75","2.163,46","145,29"
29/10/2020,"44.914,23","60,05","31,69",#N/A,"144,11"
28/10/2020,"43.532,73","60,00","31,69","2.160,63","149,38"
27/10/2020,"46.707,91","59,95","31,56","2.159,24","154,52"
26/10/2020,"49.596,54","59,79","31,56","2.157,84","159,38"
23/10/2020,"52.512,60","59,73","31,56","2.153,72","157,88"
22/10/2020,"51.671,55","59,68","31,13","2.152,34","164,46"
21/10/2020,"50.088,78","59,63","31,75","2.150,97","167,45"
20/10/2020,"49.683,83","59,57","31,88","2.149,62","160,48"
19/10/2020,"49.162,13","59,42","31,56","2.148,27","155,14"
16/10/2020,"49.024,09","59,36","31,69","2.144,21","155,42"
15/10/2020,"48.239,27","59,31","30,00","2.142,93","155,57"
14/10/2020,"47.295,27","59,26","29,63","2.141,66","148,13"
13/10/2020,"45.994,73","59,05","29,81","2.140,39","146,40"
9/10/2020,"45.856,11","58,99","29,75","2.135,29","143,94"
8/10/2020,"45.482,18","58,94","29,56","2.134,08","140,65"
7/10/2020,"44.739,86","58,89","29,69","2.132,88","139,66"
6/10/2020,"44.438,41","58,84","29,94","2.131,69","140,20"
5/10/2020,"44.273,21","58,68","29,88","2.130,51","143,04"
2/10/2020,"43.654,37","58,63","29,69","2.126,96","139,80"
1/10/2020,"42.916,19","58,58","28,88","2.125,85","139,88"
30/9/2020,"41.260,86","58,52","29,69","2.124,74","139,10"
29/9/2020,"42.196,88","58,47","30,06","2.123,62","139,40"
28/9/2020,"42.077,91","58,32","29,81","2.122,51","137,24"
25/9/2020,"42.042,45","58,27","29,56","2.119,18","134,69"
24/9/2020,"41.875,66","58,21","29,56","2.118,07","131,63"
23/9/2020,"40.974,05","58,16","29,25","2.116,98","134,88"
22/9/2020,"40.944,50","58,11","29,75","2.115,87","134,57"
21/9/2020,"40.745,13","57,96","30,00","2.114,77","132,79"
18/9/2020,"41.484,06","57,90","29,88","2.111,42","131,14"
17/9/2020,"39.799,89","57,85","29,88","2.110,30","126,33"
16/9/2020,"42.167,86","57,80","29,88","2.109,18","127,61"
15/9/2020,"44.628,43","57,77","29,50","2.108,07","122,06"
14/9/2020,"44.614,08","57,66","29,69","2.106,97","123,21"
11/9/2020,"45.839,99","57,63","29,50","2.103,62","125,17"
10/9/2020,"46.868,47","57,59","29,69",#N/A,"123,41"
9/9/2020,"46.520,19","57,56","29,94","2.101,39","119,67"
8/9/2020,"45.481,76","57,52","29,88","2.100,29","116,41"
7/9/2020,"45.691,04","57,42","29,63","2.099,18","117,84"
4/9/2020,"45.075,06","57,38","29,81","2.095,88","120,00"
3/9/2020,"44.800,07","57,35","30,00","2.094,79","119,51"
2/9/2020,"44.877,50","57,31","29,75","2.093,69","119,72"
1/9/2020,"46.545,52","57,28","29,69","2.092,59","117,64"
31/8/2020,"46.835,42","57,17","29,63","2.091,50","121,57"
28/8/2020,"46.396,58","57,14","29,94","2.088,22","121,73"
27/8/2020,"44.254,91","57,10","29,19","2.087,14","122,29"
26/8/2020,"45.831,70","57,07","29,88","2.086,06","125,16"
25/8/2020,"46.579,29","57,03","29,56","2.084,98","127,69"
24/8/2020,"46.736,74","56,93","28,94","2.083,91","130,33"
21/8/2020,"47.411,28","56,90","29,56","2.080,67","129,52"
20/8/2020,"47.737,16","56,86","30,00","2.079,61","129,42"
19/8/2020,"47.471,60","56,83","29,81","2.078,55","127,61"
18/8/2020,"46.491,41","56,68","29,94","2.077,49","125,69"
14/8/2020,"48.547,91","56,64","29,88","2.073,20","124,22"
13/8/2020,"49.626,79","56,60","29,31","2.072,13","125,30"
12/8/2020,"48.970,53","56,56","29,75","2.071,06","125,73"
11/8/2020,"50.998,50","56,53","29,69","2.070,01","124,53"
10/8/2020,"52.180,90","56,41","30,00","2.068,95","125,84"
7/8/2020,"52.325,83","56,37","29,63","2.065,78","124,65"
6/8/2020,"51.083,76","56,33","29,81","2.064,72","121,68"
5/8/2020,"50.994,43","56,29","29,44","2.063,67","117,17"
4/8/2020,"52.186,30","56,25","29,25","2.062,63","116,28"
3/8/2020,"52.504,21","56,13","29,88","2.061,58","122,00"
31/7/2020,"49.253,62","56,09","29,19","2.058,42","122,21"
30/7/2020,"49.405,75","56,05","29,63","2.057,37","119,54"
29/7/2020,"48.884,46","56,01","29,75","2.056,32","116,72"
28/7/2020,"48.934,44","55,97","29,19","2.055,27","115,89"
27/7/2020,"49.449,86","55,85","29,38","2.054,23","115,67"
24/7/2020,"48.605,06","55,82","29,56","2.051,07","114,57"
23/7/2020,"48.408,27","55,78","29,13","2.050,03","111,78"
22/7/2020,"48.634,09","55,74","29,69","2.048,99","114,45"
21/7/2020,"46.781,26","55,70","29,50","2.047,96","116,07"
20/7/2020,"45.682,99","55,58","29,44","2.046,93","117,57"
17/7/2020,"45.475,24","55,54","29,56","2.043,84","115,39"
16/7/2020,"45.245,23","55,50","29,50","2.042,81","112,00"
15/7/2020,"45.120,59","55,48","29,63","2.041,79","112,02"
14/7/2020,"44.001,90","55,45","29,56","2.040,78","110,97"
13/7/2020,"43.237,01","55,31","29,69","2.039,79","109,73"
8/7/2020,"42.747,55","55,28","29,50","2.034,78","108,98"
7/7/2020,"42.497,60","55,26","29,75","2.033,77","108,58"
6/7/2020,"43.339,69","55,17","29,69","2.032,77","106,70"
3/7/2020,"39.758,20","55,15","29,56","2.029,76","105,79"
2/7/2020,"39.500,85","55,12","29,56","2.028,75","107,24"
1/7/2020,"39.846,74","55,09","29,75","2.027,76","105,50"
30/6/2020,"38.686,69","55,06","29,69","2.026,80","100,53"
29/6/2020,"40.308,11","54,98","29,00","2.025,83","100,39"
26/6/2020,"40.589,89","54,95","29,63","2.022,87","102,47"
25/6/2020,"41.996,64","54,93","29,81","2.021,89","104,21"
24/6/2020,"40.435,34","54,90","29,75","2.020,91","107,30"
23/6/2020,"40.803,56","54,87","29,75","2.019,93","107,67"
22/6/2020,"40.344,32","54,79","29,63","2.018,95","108,12"
19/6/2020,"40.951,45","54,76","29,81","2.016,00","109,53"
18/6/2020,"37.990,59","54,74","29,44","2.015,02","107,10"
17/6/2020,"40.471,15","54,71","29,81","2.014,03","104,96"
16/6/2020,"42.686,08","54,60","29,75","2.013,04","105,31"
12/6/2020,"43.417,15","54,58","29,19","2.009,06","106,59"
11/6/2020,"43.057,94","54,55","29,69","2.008,06","107,49"
10/6/2020,"46.476,07","54,53","29,50","2.007,06","108,07"
9/6/2020,"46.471,05","54,50","29,88","2.006,07","108,73"
8/6/2020,"48.881,18","54,42","29,56","2.005,07","110,00"
5/6/2020,"45.128,75","54,39","29,56","2.002,05","109,86"
4/6/2020,"43.676,18","54,37","29,75","2.001,07","108,27"
3/6/2020,"43.853,06","54,34","29,56","2.000,08","107,91"
2/6/2020,"42.037,55","54,32","29,00","1.999,11","106,39"
1/6/2020,"40.016,98","54,24","28,50","1.998,16","108,77"
29/5/2020,"37.824,73","54,21","26,56","1.995,26","107,71"
28/5/2020,"38.985,82","54,19","26,50","1.994,28","109,41"
27/5/2020,"40.431,57","54,16","26,44","1.993,29","105,56"
26/5/2020,"41.060,27","54,06","25,69","1.992,32","106,32"
22/5/2020,"40.962,73","54,03","26,19","1.988,48","109,53"
21/5/2020,"41.388,50","54,00","26,50","1.987,51","114,37"
20/5/2020,"39.809,16","53,98","26,50","1.986,52","114,84"
19/5/2020,"39.388,71","53,95","26,25","1.985,55","114,22"
18/5/2020,"40.286,71","53,87","26,44","1.984,63","115,54"
15/5/2020,"39.388,32","53,82","22,63","1.981,95","117,95"
14/5/2020,"39.225,67","53,76","20,75","1.981,07","119,36"
13/5/2020,"37.842,81","53,70","21,81","1.980,19","122,77"
12/5/2020,"39.133,71","53,64","20,56","1.979,27","119,31"
11/5/2020,"38.581,60","53,47","21,06","1.978,36","115,98"
8/5/2020,"36.183,90","53,41","20,63","1.975,81","112,98"
7/5/2020,"35.850,21","53,35","19,81","1.974,98","115,77"
6/5/2020,"34.158,89","53,29","20,06","1.974,17","115,88"
5/5/2020,"33.546,52","53,24","19,88",#N/A,"117,08"
4/5/2020,"32.387,28","53,01","21,06","1.972,61","110,19"
30/4/2020,"32.742,84","52,95","18,44","1.969,44","112,31"
29/4/2020,"33.185,05","52,89","18,31","1.968,65","108,87"
28/4/2020,"33.064,84","52,84","18,38","1.967,87","116,95"
27/4/2020,"29.986,23","52,66","18,31","1.967,09","112,92"
24/4/2020,"29.258,10","52,61","18,31","1.964,75","108,35"
23/4/2020,"30.378,94","52,55","15,94","1.964,08","110,05"
22/4/2020,"30.554,88","52,49","16,19","1.963,41","109,18"
21/4/2020,"30.237,08","52,44","17,44","1.962,77","108,43"
20/4/2020,"30.535,73","52,27","18,25","1.962,16","104,23"
17/4/2020,"29.883,28","52,21","16,88","1.960,29","99,84"
16/4/2020,"30.077,72","52,15","16,88","1.959,72","103,37"
15/4/2020,"32.070,67","52,12","18,25","1.959,15","108,32"
14/4/2020,"30.781,54","52,09","18,13","1.958,59","106,26"
13/4/2020,"28.880,64","51,92","21,00","1.958,05","101,09"
8/4/2020,"28.017,59","51,89","21,94","1.955,12","94,27"
7/4/2020,"26.696,10","51,85","23,06","1.954,43","90,44"
6/4/2020,"26.922,59","51,76","25,13","1.953,70","89,57"
3/4/2020,"26.505,41","51,69","25,75","1.951,49","88,42"
2/4/2020,"26.003,28","51,69","26,13","1.950,71","87,78"
1/4/2020,"25.324,28","51,66","27,00","1.949,89","87,88"
30/3/2020,"24.384,24","51,52","27,56","1.948,49","85,96"
27/3/2020,"24.058,60","51,49","27,75","1.945,32","85,42"
26/3/2020,"25.483,94","51,46","29,38","1.944,04","83,20"
25/3/2020,"26.338,03","51,29","29,31","1.942,59","86,79"
20/3/2020,"23.890,35","51,26","29,00","1.935,59","91,40"
19/3/2020,"22.656,43","51,23","29,31","1.934,42","88,53"
18/3/2020,"22.087,13","51,20","29,50","1.933,27","88,35"
17/3/2020,"25.823,46","51,16","29,50","1.932,14","86,90"
16/3/2020,"25.697,51","51,05","29,50","1.931,06","88,17"
13/3/2020,"28.447,97","51,01","29,31","1.927,61","88,22"
12/3/2020,"28.351,89","50,97","29,50","1.926,44","87,48"
11/3/2020,"31.419,60","50,93","29,81","1.925,28","85,76"
10/3/2020,"32.832,26","50,89","29,75","1.924,08","83,40"
9/3/2020,"30.379,90","50,77","29,56","1.922,86","85,12"
6/3/2020,"35.222,43","50,73","29,88","1.919,31","81,61"
5/3/2020,"36.772,20","50,69","30,44","1.918,01","80,13"
4/3/2020,"37.243,36","50,65","30,50","1.916,87","80,35"
3/3/2020,"35.999,22","50,61","31,19","1.915,74","80,80"
2/3/2020,"36.253,25","50,49","31,00","1.914,60","81,25"
28/2/2020,"34.973,18","50,45","31,81","1.911,15","80,87"
27/2/2020,"35.387,05","50,41","31,06","1.910,00","79,56"
26/2/2020,"36.422,24","50,22","31,13","1.908,85","79,81"
21/2/2020,"38.602,48","50,18","31,88","1.903,00","79,75"
20/2/2020,"38.961,41","50,14","33,00","1.901,82","80,18"
19/2/2020,"38.390,84","50,10","33,44","1.900,60","80,74"
18/2/2020,"38.156,95","50,06","32,88","1.899,39","80,44"
17/2/2020,"39.200,25","49,92","33,94","1.898,18","81,52"
14/2/2020,"38.647,68","49,86","34,06","1.894,53","82,19"
13/2/2020,"38.669,46","49,81","35,25","1.893,25","81,95"
12/2/2020,"39.936,15","49,75","34,38","1.891,96","81,56"
11/2/2020,"39.824,50","49,69","35,19","1.890,67","82,32"
10/2/2020,"41.052,95","49,51","34,50","1.889,42","82,29"
7/2/2020,"41.213,89","49,46","34,13","1.885,65","82,43"
6/2/2020,"40.906,09","49,40","34,69","1.884,38","82,66"
5/2/2020,"40.767,11","49,34","34,25","1.883,14","82,83"
4/2/2020,"41.033,79","49,28","34,69","1.881,91","82,90"
3/2/2020,"41.577,06","49,11","34,31","1.880,67","82,56"
31/1/2020,"40.105,04","49,05","34,00","1.877,22","83,79"
30/1/2020,"40.394,95","49,00","34,31","1.875,75","82,97"
29/1/2020,"40.341,41","48,94","34,31","1.874,29","82,22"
28/1/2020,"40.829,70","48,88","34,50","1.872,83","82,71"
27/1/2020,"39.604,57","48,71","34,31","1.871,37","81,84"
24/1/2020,"39.917,82","48,65","34,88","1.866,98","81,86"
23/1/2020,"41.140,21","48,59","34,56","1.865,58","81,57"
22/1/2020,"42.002,34","48,54","34,94","1.864,11","80,32"
21/1/2020,"41.485,86","48,48","34,94","1.862,71","79,93"
20/1/2020,"43.054,01","48,31","35,38","1.861,30","79,89"
17/1/2020,"42.339,82","48,25","35,38","1.856,74","79,62"
16/1/2020,"42.362,34","48,20","36,13","1.855,16","80,03"
15/1/2020,"41.246,19","48,13","36,31","1.853,59","79,40"
14/1/2020,"41.633,73","48,07","36,50","1.852,03","79,27"
13/1/2020,"42.017,78","47,87","37,13","1.850,52","79,90"
10/1/2020,"42.740,38","47,81","37,56","1.846,03","77,65"
9/1/2020,"42.035,70","47,74","38,00","1.844,30","76,22"
8/1/2020,"41.016,02","47,68","37,56","1.842,58","74,81"
7/1/2020,"41.115,71","47,61","38,25","1.840,87","76,03"
6/1/2020,"41.469,66","47,42","38,75","1.839,11","75,80"
3/1/2020,"40.499,15","47,35","38,75","1.833,97","75,88"
2/1/2020,"41.106,96","47,23","38,88","1.832,39","74,51"